OriginID,calc_type,model,amplification,exposure,weight,file
smi:ch.ethz.sed/scenario/Origin/Aarau_M6_0,damage,MIM,PGV,RB,0.025,calc_25489.hdf5
smi:ch.ethz.sed/scenario/Origin/Aarau_M6_0,damage,MIM,PGV,RF,0.075,calc_25492.hdf5
smi:ch.ethz.sed/scenario/Origin/Aarau_M6_0,damage,MIM,SA03,RB,0.025,calc_25490.hdf5
smi:ch.ethz.sed/scenario/Origin/Aarau_M6_0,damage,MIM,SA03,RF,0.075,calc_25493.hdf5
smi:ch.ethz.sed/scenario/Origin/Aarau_M6_0,damage,MIM,SA1,RB,0.025,calc_25491.hdf5
smi:ch.ethz.sed/scenario/Origin/Aarau_M6_0,damage,MIM,SA1,RF,0.075,calc_25494.hdf5
smi:ch.ethz.sed/scenario/Origin/Aarau_M6_0,damage,SAM,N/A,RB,0.175,calc_25663.hdf5
smi:ch.ethz.sed/scenario/Origin/Aarau_M6_0,damage,SAM,N/A,RF,0.525,calc_25664.hdf5
smi:ch.ethz.sed/scenario/Origin/Aarau_M6_0,risk,MIM,PGV,RB,0.025,calc_25257.hdf5
smi:ch.ethz.sed/scenario/Origin/Aarau_M6_0,risk,MIM,PGV,RF,0.075,calc_25260.hdf5
smi:ch.ethz.sed/scenario/Origin/Aarau_M6_0,risk,MIM,SA03,RB,0.025,calc_25258.hdf5
smi:ch.ethz.sed/scenario/Origin/Aarau_M6_0,risk,MIM,SA03,RF,0.075,calc_25261.hdf5
smi:ch.ethz.sed/scenario/Origin/Aarau_M6_0,risk,MIM,SA1,RB,0.025,calc_25259.hdf5
smi:ch.ethz.sed/scenario/Origin/Aarau_M6_0,risk,MIM,SA1,RF,0.075,calc_25262.hdf5
smi:ch.ethz.sed/scenario/Origin/Aarau_M6_0,risk,SAM,N/A,RB,0.175,calc_25431.hdf5
smi:ch.ethz.sed/scenario/Origin/Aarau_M6_0,risk,SAM,N/A,RF,0.525,calc_25432.hdf5
smi:ch.ethz.sed/scenario/Origin/Allschwil_M6_0,damage,MIM,PGV,RB,0.025,calc_25762.hdf5
smi:ch.ethz.sed/scenario/Origin/Allschwil_M6_0,damage,MIM,PGV,RF,0.075,calc_25765.hdf5
smi:ch.ethz.sed/scenario/Origin/Allschwil_M6_0,damage,MIM,SA03,RB,0.025,calc_25763.hdf5
smi:ch.ethz.sed/scenario/Origin/Allschwil_M6_0,damage,MIM,SA03,RF,0.075,calc_25766.hdf5
smi:ch.ethz.sed/scenario/Origin/Allschwil_M6_0,damage,MIM,SA1,RB,0.025,calc_25764.hdf5
smi:ch.ethz.sed/scenario/Origin/Allschwil_M6_0,damage,MIM,SA1,RF,0.075,calc_25767.hdf5
smi:ch.ethz.sed/scenario/Origin/Allschwil_M6_0,damage,SAM,N/A,RB,0.175,calc_25810.hdf5
smi:ch.ethz.sed/scenario/Origin/Allschwil_M6_0,damage,SAM,N/A,RF,0.525,calc_25811.hdf5
smi:ch.ethz.sed/scenario/Origin/Allschwil_M6_0,risk,MIM,PGV,RB,0.025,calc_25686.hdf5
smi:ch.ethz.sed/scenario/Origin/Allschwil_M6_0,risk,MIM,PGV,RF,0.075,calc_25689.hdf5
smi:ch.ethz.sed/scenario/Origin/Allschwil_M6_0,risk,MIM,SA03,RB,0.025,calc_25687.hdf5
smi:ch.ethz.sed/scenario/Origin/Allschwil_M6_0,risk,MIM,SA03,RF,0.075,calc_25690.hdf5
smi:ch.ethz.sed/scenario/Origin/Allschwil_M6_0,risk,MIM,SA1,RB,0.025,calc_25688.hdf5
smi:ch.ethz.sed/scenario/Origin/Allschwil_M6_0,risk,MIM,SA1,RF,0.075,calc_25691.hdf5
smi:ch.ethz.sed/scenario/Origin/Allschwil_M6_0,risk,SAM,N/A,RB,0.175,calc_25728.hdf5
smi:ch.ethz.sed/scenario/Origin/Allschwil_M6_0,risk,SAM,N/A,RF,0.525,calc_25729.hdf5
smi:ch.ethz.sed/scenario/Origin/Altdorf_UR_M6_0,damage,MIM,PGV,RB,0.025,calc_25495.hdf5
smi:ch.ethz.sed/scenario/Origin/Altdorf_UR_M6_0,damage,MIM,PGV,RF,0.075,calc_25498.hdf5
smi:ch.ethz.sed/scenario/Origin/Altdorf_UR_M6_0,damage,MIM,SA03,RB,0.025,calc_25496.hdf5
smi:ch.ethz.sed/scenario/Origin/Altdorf_UR_M6_0,damage,MIM,SA03,RF,0.075,calc_25499.hdf5
smi:ch.ethz.sed/scenario/Origin/Altdorf_UR_M6_0,damage,MIM,SA1,RB,0.025,calc_25497.hdf5
smi:ch.ethz.sed/scenario/Origin/Altdorf_UR_M6_0,damage,MIM,SA1,RF,0.075,calc_25500.hdf5
smi:ch.ethz.sed/scenario/Origin/Altdorf_UR_M6_0,damage,SAM,N/A,RB,0.175,calc_25665.hdf5
smi:ch.ethz.sed/scenario/Origin/Altdorf_UR_M6_0,damage,SAM,N/A,RF,0.525,calc_25812.hdf5
smi:ch.ethz.sed/scenario/Origin/Altdorf_UR_M6_0,risk,MIM,PGV,RB,0.025,calc_25263.hdf5
smi:ch.ethz.sed/scenario/Origin/Altdorf_UR_M6_0,risk,MIM,PGV,RF,0.075,calc_25266.hdf5
smi:ch.ethz.sed/scenario/Origin/Altdorf_UR_M6_0,risk,MIM,SA03,RB,0.025,calc_25264.hdf5
smi:ch.ethz.sed/scenario/Origin/Altdorf_UR_M6_0,risk,MIM,SA03,RF,0.075,calc_25267.hdf5
smi:ch.ethz.sed/scenario/Origin/Altdorf_UR_M6_0,risk,MIM,SA1,RB,0.025,calc_25265.hdf5
smi:ch.ethz.sed/scenario/Origin/Altdorf_UR_M6_0,risk,MIM,SA1,RF,0.075,calc_25268.hdf5
smi:ch.ethz.sed/scenario/Origin/Altdorf_UR_M6_0,risk,SAM,N/A,RB,0.175,calc_25433.hdf5
smi:ch.ethz.sed/scenario/Origin/Altdorf_UR_M6_0,risk,SAM,N/A,RF,0.525,calc_25434.hdf5
smi:ch.ethz.sed/scenario/Origin/Appenzell_M6_0,damage,MIM,PGV,RB,0.025,calc_25501.hdf5
smi:ch.ethz.sed/scenario/Origin/Appenzell_M6_0,damage,MIM,PGV,RF,0.075,calc_25504.hdf5
smi:ch.ethz.sed/scenario/Origin/Appenzell_M6_0,damage,MIM,SA03,RB,0.025,calc_25502.hdf5
smi:ch.ethz.sed/scenario/Origin/Appenzell_M6_0,damage,MIM,SA03,RF,0.075,calc_25505.hdf5
smi:ch.ethz.sed/scenario/Origin/Appenzell_M6_0,damage,MIM,SA1,RB,0.025,calc_25503.hdf5
smi:ch.ethz.sed/scenario/Origin/Appenzell_M6_0,damage,MIM,SA1,RF,0.075,calc_25506.hdf5
smi:ch.ethz.sed/scenario/Origin/Appenzell_M6_0,damage,SAM,N/A,RB,0.175,calc_25813.hdf5
smi:ch.ethz.sed/scenario/Origin/Appenzell_M6_0,damage,SAM,N/A,RF,0.525,calc_25814.hdf5
smi:ch.ethz.sed/scenario/Origin/Appenzell_M6_0,risk,MIM,PGV,RB,0.025,calc_25269.hdf5
smi:ch.ethz.sed/scenario/Origin/Appenzell_M6_0,risk,MIM,PGV,RF,0.075,calc_25272.hdf5
smi:ch.ethz.sed/scenario/Origin/Appenzell_M6_0,risk,MIM,SA03,RB,0.025,calc_25270.hdf5
smi:ch.ethz.sed/scenario/Origin/Appenzell_M6_0,risk,MIM,SA03,RF,0.075,calc_25273.hdf5
smi:ch.ethz.sed/scenario/Origin/Appenzell_M6_0,risk,MIM,SA1,RB,0.025,calc_25271.hdf5
smi:ch.ethz.sed/scenario/Origin/Appenzell_M6_0,risk,MIM,SA1,RF,0.075,calc_25274.hdf5
smi:ch.ethz.sed/scenario/Origin/Appenzell_M6_0,risk,SAM,N/A,RB,0.175,calc_25435.hdf5
smi:ch.ethz.sed/scenario/Origin/Appenzell_M6_0,risk,SAM,N/A,RF,0.525,calc_25436.hdf5
smi:ch.ethz.sed/scenario/Origin/Baar_M6_0,damage,MIM,PGV,RB,0.025,calc_25768.hdf5
smi:ch.ethz.sed/scenario/Origin/Baar_M6_0,damage,MIM,PGV,RF,0.075,calc_25771.hdf5
smi:ch.ethz.sed/scenario/Origin/Baar_M6_0,damage,MIM,SA03,RB,0.025,calc_25769.hdf5
smi:ch.ethz.sed/scenario/Origin/Baar_M6_0,damage,MIM,SA03,RF,0.075,calc_25772.hdf5
smi:ch.ethz.sed/scenario/Origin/Baar_M6_0,damage,MIM,SA1,RB,0.025,calc_25770.hdf5
smi:ch.ethz.sed/scenario/Origin/Baar_M6_0,damage,MIM,SA1,RF,0.075,calc_25773.hdf5
smi:ch.ethz.sed/scenario/Origin/Baar_M6_0,damage,SAM,N/A,RB,0.175,calc_25815.hdf5
smi:ch.ethz.sed/scenario/Origin/Baar_M6_0,damage,SAM,N/A,RF,0.525,calc_25816.hdf5
smi:ch.ethz.sed/scenario/Origin/Baar_M6_0,risk,MIM,PGV,RB,0.025,calc_25692.hdf5
smi:ch.ethz.sed/scenario/Origin/Baar_M6_0,risk,MIM,PGV,RF,0.075,calc_25695.hdf5
smi:ch.ethz.sed/scenario/Origin/Baar_M6_0,risk,MIM,SA03,RB,0.025,calc_25693.hdf5
smi:ch.ethz.sed/scenario/Origin/Baar_M6_0,risk,MIM,SA03,RF,0.075,calc_25696.hdf5
smi:ch.ethz.sed/scenario/Origin/Baar_M6_0,risk,MIM,SA1,RB,0.025,calc_25694.hdf5
smi:ch.ethz.sed/scenario/Origin/Baar_M6_0,risk,MIM,SA1,RF,0.075,calc_25697.hdf5
smi:ch.ethz.sed/scenario/Origin/Baar_M6_0,risk,SAM,N/A,RB,0.175,calc_25748.hdf5
smi:ch.ethz.sed/scenario/Origin/Baar_M6_0,risk,SAM,N/A,RF,0.525,calc_25749.hdf5
smi:ch.ethz.sed/scenario/Origin/Basel_M6_0,damage,MIM,PGV,RB,0.025,calc_25507.hdf5
smi:ch.ethz.sed/scenario/Origin/Basel_M6_0,damage,MIM,PGV,RF,0.075,calc_25510.hdf5
smi:ch.ethz.sed/scenario/Origin/Basel_M6_0,damage,MIM,SA03,RB,0.025,calc_25508.hdf5
smi:ch.ethz.sed/scenario/Origin/Basel_M6_0,damage,MIM,SA03,RF,0.075,calc_25511.hdf5
smi:ch.ethz.sed/scenario/Origin/Basel_M6_0,damage,MIM,SA1,RB,0.025,calc_25509.hdf5
smi:ch.ethz.sed/scenario/Origin/Basel_M6_0,damage,MIM,SA1,RF,0.075,calc_25512.hdf5
smi:ch.ethz.sed/scenario/Origin/Basel_M6_0,damage,SAM,N/A,RB,0.175,calc_25817.hdf5
smi:ch.ethz.sed/scenario/Origin/Basel_M6_0,damage,SAM,N/A,RF,0.525,calc_25846.hdf5
smi:ch.ethz.sed/scenario/Origin/Basel_M6_0,risk,MIM,PGV,RB,0.025,calc_25275.hdf5
smi:ch.ethz.sed/scenario/Origin/Basel_M6_0,risk,MIM,PGV,RF,0.075,calc_25278.hdf5
smi:ch.ethz.sed/scenario/Origin/Basel_M6_0,risk,MIM,SA03,RB,0.025,calc_25276.hdf5
smi:ch.ethz.sed/scenario/Origin/Basel_M6_0,risk,MIM,SA03,RF,0.075,calc_25279.hdf5
smi:ch.ethz.sed/scenario/Origin/Basel_M6_0,risk,MIM,SA1,RB,0.025,calc_25277.hdf5
smi:ch.ethz.sed/scenario/Origin/Basel_M6_0,risk,MIM,SA1,RF,0.075,calc_25280.hdf5
smi:ch.ethz.sed/scenario/Origin/Basel_M6_0,risk,SAM,N/A,RB,0.175,calc_25437.hdf5
smi:ch.ethz.sed/scenario/Origin/Basel_M6_0,risk,SAM,N/A,RF,0.525,calc_25438.hdf5
smi:ch.ethz.sed/scenario/Origin/Bellinzona_M6_0,damage,MIM,PGV,RB,0.025,calc_25513.hdf5
smi:ch.ethz.sed/scenario/Origin/Bellinzona_M6_0,damage,MIM,PGV,RF,0.075,calc_25516.hdf5
smi:ch.ethz.sed/scenario/Origin/Bellinzona_M6_0,damage,MIM,SA03,RB,0.025,calc_25514.hdf5
smi:ch.ethz.sed/scenario/Origin/Bellinzona_M6_0,damage,MIM,SA03,RF,0.075,calc_25517.hdf5
smi:ch.ethz.sed/scenario/Origin/Bellinzona_M6_0,damage,MIM,SA1,RB,0.025,calc_25515.hdf5
smi:ch.ethz.sed/scenario/Origin/Bellinzona_M6_0,damage,MIM,SA1,RF,0.075,calc_25518.hdf5
smi:ch.ethz.sed/scenario/Origin/Bellinzona_M6_0,damage,SAM,N/A,RB,0.175,calc_25847.hdf5
smi:ch.ethz.sed/scenario/Origin/Bellinzona_M6_0,damage,SAM,N/A,RF,0.525,calc_25848.hdf5
smi:ch.ethz.sed/scenario/Origin/Bellinzona_M6_0,risk,MIM,PGV,RB,0.025,calc_25281.hdf5
smi:ch.ethz.sed/scenario/Origin/Bellinzona_M6_0,risk,MIM,PGV,RF,0.075,calc_25284.hdf5
smi:ch.ethz.sed/scenario/Origin/Bellinzona_M6_0,risk,MIM,SA03,RB,0.025,calc_25282.hdf5
smi:ch.ethz.sed/scenario/Origin/Bellinzona_M6_0,risk,MIM,SA03,RF,0.075,calc_25285.hdf5
smi:ch.ethz.sed/scenario/Origin/Bellinzona_M6_0,risk,MIM,SA1,RB,0.025,calc_25283.hdf5
smi:ch.ethz.sed/scenario/Origin/Bellinzona_M6_0,risk,MIM,SA1,RF,0.075,calc_25286.hdf5
smi:ch.ethz.sed/scenario/Origin/Bellinzona_M6_0,risk,SAM,N/A,RB,0.175,calc_25439.hdf5
smi:ch.ethz.sed/scenario/Origin/Bellinzona_M6_0,risk,SAM,N/A,RF,0.525,calc_25440.hdf5
smi:ch.ethz.sed/scenario/Origin/Bern_M6_0,damage,MIM,PGV,RB,0.025,calc_25519.hdf5
smi:ch.ethz.sed/scenario/Origin/Bern_M6_0,damage,MIM,PGV,RF,0.075,calc_25522.hdf5
smi:ch.ethz.sed/scenario/Origin/Bern_M6_0,damage,MIM,SA03,RB,0.025,calc_25520.hdf5
smi:ch.ethz.sed/scenario/Origin/Bern_M6_0,damage,MIM,SA03,RF,0.075,calc_25523.hdf5
smi:ch.ethz.sed/scenario/Origin/Bern_M6_0,damage,MIM,SA1,RB,0.025,calc_25521.hdf5
smi:ch.ethz.sed/scenario/Origin/Bern_M6_0,damage,MIM,SA1,RF,0.075,calc_25524.hdf5
smi:ch.ethz.sed/scenario/Origin/Bern_M6_0,damage,SAM,N/A,RB,0.175,calc_25849.hdf5
smi:ch.ethz.sed/scenario/Origin/Bern_M6_0,damage,SAM,N/A,RF,0.525,calc_25850.hdf5
smi:ch.ethz.sed/scenario/Origin/Bern_M6_0,risk,MIM,PGV,RB,0.025,calc_25287.hdf5
smi:ch.ethz.sed/scenario/Origin/Bern_M6_0,risk,MIM,PGV,RF,0.075,calc_25290.hdf5
smi:ch.ethz.sed/scenario/Origin/Bern_M6_0,risk,MIM,SA03,RB,0.025,calc_25288.hdf5
smi:ch.ethz.sed/scenario/Origin/Bern_M6_0,risk,MIM,SA03,RF,0.075,calc_25291.hdf5
smi:ch.ethz.sed/scenario/Origin/Bern_M6_0,risk,MIM,SA1,RB,0.025,calc_25289.hdf5
smi:ch.ethz.sed/scenario/Origin/Bern_M6_0,risk,MIM,SA1,RF,0.075,calc_25292.hdf5
smi:ch.ethz.sed/scenario/Origin/Bern_M6_0,risk,SAM,N/A,RB,0.175,calc_25441.hdf5
smi:ch.ethz.sed/scenario/Origin/Bern_M6_0,risk,SAM,N/A,RF,0.525,calc_25442.hdf5
smi:ch.ethz.sed/scenario/Origin/Biel_Bienne_M6_0,damage,MIM,PGV,RB,0.025,calc_25774.hdf5
smi:ch.ethz.sed/scenario/Origin/Biel_Bienne_M6_0,damage,MIM,PGV,RF,0.075,calc_25777.hdf5
smi:ch.ethz.sed/scenario/Origin/Biel_Bienne_M6_0,damage,MIM,SA03,RB,0.025,calc_25775.hdf5
smi:ch.ethz.sed/scenario/Origin/Biel_Bienne_M6_0,damage,MIM,SA03,RF,0.075,calc_25778.hdf5
smi:ch.ethz.sed/scenario/Origin/Biel_Bienne_M6_0,damage,MIM,SA1,RB,0.025,calc_25776.hdf5
smi:ch.ethz.sed/scenario/Origin/Biel_Bienne_M6_0,damage,MIM,SA1,RF,0.075,calc_25779.hdf5
smi:ch.ethz.sed/scenario/Origin/Biel_Bienne_M6_0,damage,SAM,N/A,RB,0.175,calc_25851.hdf5
smi:ch.ethz.sed/scenario/Origin/Biel_Bienne_M6_0,damage,SAM,N/A,RF,0.525,calc_25852.hdf5
smi:ch.ethz.sed/scenario/Origin/Biel_Bienne_M6_0,risk,MIM,PGV,RB,0.025,calc_25698.hdf5
smi:ch.ethz.sed/scenario/Origin/Biel_Bienne_M6_0,risk,MIM,PGV,RF,0.075,calc_25701.hdf5
smi:ch.ethz.sed/scenario/Origin/Biel_Bienne_M6_0,risk,MIM,SA03,RB,0.025,calc_25699.hdf5
smi:ch.ethz.sed/scenario/Origin/Biel_Bienne_M6_0,risk,MIM,SA03,RF,0.075,calc_25702.hdf5
smi:ch.ethz.sed/scenario/Origin/Biel_Bienne_M6_0,risk,MIM,SA1,RB,0.025,calc_25700.hdf5
smi:ch.ethz.sed/scenario/Origin/Biel_Bienne_M6_0,risk,MIM,SA1,RF,0.075,calc_25703.hdf5
smi:ch.ethz.sed/scenario/Origin/Biel_Bienne_M6_0,risk,SAM,N/A,RB,0.175,calc_25750.hdf5
smi:ch.ethz.sed/scenario/Origin/Biel_Bienne_M6_0,risk,SAM,N/A,RF,0.525,calc_25751.hdf5
smi:ch.ethz.sed/scenario/Origin/Bulle_M6_0,damage,MIM,PGV,RB,0.025,calc_25780.hdf5
smi:ch.ethz.sed/scenario/Origin/Bulle_M6_0,damage,MIM,PGV,RF,0.075,calc_25783.hdf5
smi:ch.ethz.sed/scenario/Origin/Bulle_M6_0,damage,MIM,SA03,RB,0.025,calc_25781.hdf5
smi:ch.ethz.sed/scenario/Origin/Bulle_M6_0,damage,MIM,SA03,RF,0.075,calc_25784.hdf5
smi:ch.ethz.sed/scenario/Origin/Bulle_M6_0,damage,MIM,SA1,RB,0.025,calc_25782.hdf5
smi:ch.ethz.sed/scenario/Origin/Bulle_M6_0,damage,MIM,SA1,RF,0.075,calc_25785.hdf5
smi:ch.ethz.sed/scenario/Origin/Bulle_M6_0,damage,SAM,N/A,RB,0.175,calc_25853.hdf5
smi:ch.ethz.sed/scenario/Origin/Bulle_M6_0,damage,SAM,N/A,RF,0.525,calc_25854.hdf5
smi:ch.ethz.sed/scenario/Origin/Bulle_M6_0,risk,MIM,PGV,RB,0.025,calc_25704.hdf5
smi:ch.ethz.sed/scenario/Origin/Bulle_M6_0,risk,MIM,PGV,RF,0.075,calc_25707.hdf5
smi:ch.ethz.sed/scenario/Origin/Bulle_M6_0,risk,MIM,SA03,RB,0.025,calc_25705.hdf5
smi:ch.ethz.sed/scenario/Origin/Bulle_M6_0,risk,MIM,SA03,RF,0.075,calc_25708.hdf5
smi:ch.ethz.sed/scenario/Origin/Bulle_M6_0,risk,MIM,SA1,RB,0.025,calc_25706.hdf5
smi:ch.ethz.sed/scenario/Origin/Bulle_M6_0,risk,MIM,SA1,RF,0.075,calc_25709.hdf5
smi:ch.ethz.sed/scenario/Origin/Bulle_M6_0,risk,SAM,N/A,RB,0.175,calc_25752.hdf5
smi:ch.ethz.sed/scenario/Origin/Bulle_M6_0,risk,SAM,N/A,RF,0.525,calc_25753.hdf5
smi:ch.ethz.sed/scenario/Origin/Chur_M6_0,damage,MIM,PGV,RB,0.025,calc_25525.hdf5
smi:ch.ethz.sed/scenario/Origin/Chur_M6_0,damage,MIM,PGV,RF,0.075,calc_25528.hdf5
smi:ch.ethz.sed/scenario/Origin/Chur_M6_0,damage,MIM,SA03,RB,0.025,calc_25526.hdf5
smi:ch.ethz.sed/scenario/Origin/Chur_M6_0,damage,MIM,SA03,RF,0.075,calc_25529.hdf5
smi:ch.ethz.sed/scenario/Origin/Chur_M6_0,damage,MIM,SA1,RB,0.025,calc_25527.hdf5
smi:ch.ethz.sed/scenario/Origin/Chur_M6_0,damage,MIM,SA1,RF,0.075,calc_25530.hdf5
smi:ch.ethz.sed/scenario/Origin/Chur_M6_0,damage,SAM,N/A,RB,0.175,calc_25855.hdf5
smi:ch.ethz.sed/scenario/Origin/Chur_M6_0,damage,SAM,N/A,RF,0.525,calc_25856.hdf5
smi:ch.ethz.sed/scenario/Origin/Chur_M6_0,risk,MIM,PGV,RB,0.025,calc_25293.hdf5
smi:ch.ethz.sed/scenario/Origin/Chur_M6_0,risk,MIM,PGV,RF,0.075,calc_25296.hdf5
smi:ch.ethz.sed/scenario/Origin/Chur_M6_0,risk,MIM,SA03,RB,0.025,calc_25294.hdf5
smi:ch.ethz.sed/scenario/Origin/Chur_M6_0,risk,MIM,SA03,RF,0.075,calc_25297.hdf5
smi:ch.ethz.sed/scenario/Origin/Chur_M6_0,risk,MIM,SA1,RB,0.025,calc_25295.hdf5
smi:ch.ethz.sed/scenario/Origin/Chur_M6_0,risk,MIM,SA1,RF,0.075,calc_25298.hdf5
smi:ch.ethz.sed/scenario/Origin/Chur_M6_0,risk,SAM,N/A,RB,0.175,calc_25443.hdf5
smi:ch.ethz.sed/scenario/Origin/Chur_M6_0,risk,SAM,N/A,RF,0.525,calc_25444.hdf5
smi:ch.ethz.sed/scenario/Origin/Davos_M6_0,damage,MIM,PGV,RB,0.025,calc_25786.hdf5
smi:ch.ethz.sed/scenario/Origin/Davos_M6_0,damage,MIM,PGV,RF,0.075,calc_25789.hdf5
smi:ch.ethz.sed/scenario/Origin/Davos_M6_0,damage,MIM,SA03,RB,0.025,calc_25787.hdf5
smi:ch.ethz.sed/scenario/Origin/Davos_M6_0,damage,MIM,SA03,RF,0.075,calc_25790.hdf5
smi:ch.ethz.sed/scenario/Origin/Davos_M6_0,damage,MIM,SA1,RB,0.025,calc_25788.hdf5
smi:ch.ethz.sed/scenario/Origin/Davos_M6_0,damage,MIM,SA1,RF,0.075,calc_25791.hdf5
smi:ch.ethz.sed/scenario/Origin/Davos_M6_0,damage,SAM,N/A,RB,0.175,calc_25857.hdf5
smi:ch.ethz.sed/scenario/Origin/Davos_M6_0,damage,SAM,N/A,RF,0.525,calc_25858.hdf5
smi:ch.ethz.sed/scenario/Origin/Davos_M6_0,risk,MIM,PGV,RB,0.025,calc_25710.hdf5
smi:ch.ethz.sed/scenario/Origin/Davos_M6_0,risk,MIM,PGV,RF,0.075,calc_25713.hdf5
smi:ch.ethz.sed/scenario/Origin/Davos_M6_0,risk,MIM,SA03,RB,0.025,calc_25711.hdf5
smi:ch.ethz.sed/scenario/Origin/Davos_M6_0,risk,MIM,SA03,RF,0.075,calc_25714.hdf5
smi:ch.ethz.sed/scenario/Origin/Davos_M6_0,risk,MIM,SA1,RB,0.025,calc_25712.hdf5
smi:ch.ethz.sed/scenario/Origin/Davos_M6_0,risk,MIM,SA1,RF,0.075,calc_25715.hdf5
smi:ch.ethz.sed/scenario/Origin/Davos_M6_0,risk,SAM,N/A,RB,0.175,calc_25754.hdf5
smi:ch.ethz.sed/scenario/Origin/Davos_M6_0,risk,SAM,N/A,RF,0.525,calc_25755.hdf5
smi:ch.ethz.sed/scenario/Origin/Delemont_M6_0,damage,MIM,PGV,RB,0.025,calc_25531.hdf5
smi:ch.ethz.sed/scenario/Origin/Delemont_M6_0,damage,MIM,PGV,RF,0.075,calc_25534.hdf5
smi:ch.ethz.sed/scenario/Origin/Delemont_M6_0,damage,MIM,SA03,RB,0.025,calc_25532.hdf5
smi:ch.ethz.sed/scenario/Origin/Delemont_M6_0,damage,MIM,SA03,RF,0.075,calc_25535.hdf5
smi:ch.ethz.sed/scenario/Origin/Delemont_M6_0,damage,MIM,SA1,RB,0.025,calc_25533.hdf5
smi:ch.ethz.sed/scenario/Origin/Delemont_M6_0,damage,MIM,SA1,RF,0.075,calc_25536.hdf5
smi:ch.ethz.sed/scenario/Origin/Delemont_M6_0,damage,SAM,N/A,RB,0.175,calc_25859.hdf5
smi:ch.ethz.sed/scenario/Origin/Delemont_M6_0,damage,SAM,N/A,RF,0.525,calc_25860.hdf5
smi:ch.ethz.sed/scenario/Origin/Delemont_M6_0,risk,MIM,PGV,RB,0.025,calc_25299.hdf5
smi:ch.ethz.sed/scenario/Origin/Delemont_M6_0,risk,MIM,PGV,RF,0.075,calc_25302.hdf5
smi:ch.ethz.sed/scenario/Origin/Delemont_M6_0,risk,MIM,SA03,RB,0.025,calc_25300.hdf5
smi:ch.ethz.sed/scenario/Origin/Delemont_M6_0,risk,MIM,SA03,RF,0.075,calc_25303.hdf5
smi:ch.ethz.sed/scenario/Origin/Delemont_M6_0,risk,MIM,SA1,RB,0.025,calc_25301.hdf5
smi:ch.ethz.sed/scenario/Origin/Delemont_M6_0,risk,MIM,SA1,RF,0.075,calc_25304.hdf5
smi:ch.ethz.sed/scenario/Origin/Delemont_M6_0,risk,SAM,N/A,RB,0.175,calc_25445.hdf5
smi:ch.ethz.sed/scenario/Origin/Delemont_M6_0,risk,SAM,N/A,RF,0.525,calc_25446.hdf5
smi:ch.ethz.sed/scenario/Origin/Emmen_M6_0,damage,MIM,PGV,RB,0.025,calc_26261.hdf5
smi:ch.ethz.sed/scenario/Origin/Emmen_M6_0,damage,MIM,PGV,RF,0.075,calc_26264.hdf5
smi:ch.ethz.sed/scenario/Origin/Emmen_M6_0,damage,MIM,SA03,RB,0.025,calc_26262.hdf5
smi:ch.ethz.sed/scenario/Origin/Emmen_M6_0,damage,MIM,SA03,RF,0.075,calc_26265.hdf5
smi:ch.ethz.sed/scenario/Origin/Emmen_M6_0,damage,MIM,SA1,RB,0.025,calc_26263.hdf5
smi:ch.ethz.sed/scenario/Origin/Emmen_M6_0,damage,MIM,SA1,RF,0.075,calc_26266.hdf5
smi:ch.ethz.sed/scenario/Origin/Emmen_M6_0,damage,SAM,N/A,RB,0.175,calc_26267.hdf5
smi:ch.ethz.sed/scenario/Origin/Emmen_M6_0,damage,SAM,N/A,RF,0.525,calc_26268.hdf5
smi:ch.ethz.sed/scenario/Origin/Emmen_M6_0,risk,MIM,PGV,RB,0.025,calc_26253.hdf5
smi:ch.ethz.sed/scenario/Origin/Emmen_M6_0,risk,MIM,PGV,RF,0.075,calc_26256.hdf5
smi:ch.ethz.sed/scenario/Origin/Emmen_M6_0,risk,MIM,SA03,RB,0.025,calc_26254.hdf5
smi:ch.ethz.sed/scenario/Origin/Emmen_M6_0,risk,MIM,SA03,RF,0.075,calc_26257.hdf5
smi:ch.ethz.sed/scenario/Origin/Emmen_M6_0,risk,MIM,SA1,RB,0.025,calc_26255.hdf5
smi:ch.ethz.sed/scenario/Origin/Emmen_M6_0,risk,MIM,SA1,RF,0.075,calc_26258.hdf5
smi:ch.ethz.sed/scenario/Origin/Emmen_M6_0,risk,SAM,N/A,RB,0.175,calc_26259.hdf5
smi:ch.ethz.sed/scenario/Origin/Emmen_M6_0,risk,SAM,N/A,RF,0.525,calc_26260.hdf5
smi:ch.ethz.sed/scenario/Origin/Frauenfeld_M6_0,damage,MIM,PGV,RB,0.025,calc_25537.hdf5
smi:ch.ethz.sed/scenario/Origin/Frauenfeld_M6_0,damage,MIM,PGV,RF,0.075,calc_25540.hdf5
smi:ch.ethz.sed/scenario/Origin/Frauenfeld_M6_0,damage,MIM,SA03,RB,0.025,calc_25538.hdf5
smi:ch.ethz.sed/scenario/Origin/Frauenfeld_M6_0,damage,MIM,SA03,RF,0.075,calc_25541.hdf5
smi:ch.ethz.sed/scenario/Origin/Frauenfeld_M6_0,damage,MIM,SA1,RB,0.025,calc_25539.hdf5
smi:ch.ethz.sed/scenario/Origin/Frauenfeld_M6_0,damage,MIM,SA1,RF,0.075,calc_25542.hdf5
smi:ch.ethz.sed/scenario/Origin/Frauenfeld_M6_0,damage,SAM,N/A,RB,0.175,calc_25861.hdf5
smi:ch.ethz.sed/scenario/Origin/Frauenfeld_M6_0,damage,SAM,N/A,RF,0.525,calc_25862.hdf5
smi:ch.ethz.sed/scenario/Origin/Frauenfeld_M6_0,risk,MIM,PGV,RB,0.025,calc_25305.hdf5
smi:ch.ethz.sed/scenario/Origin/Frauenfeld_M6_0,risk,MIM,PGV,RF,0.075,calc_25308.hdf5
smi:ch.ethz.sed/scenario/Origin/Frauenfeld_M6_0,risk,MIM,SA03,RB,0.025,calc_25306.hdf5
smi:ch.ethz.sed/scenario/Origin/Frauenfeld_M6_0,risk,MIM,SA03,RF,0.075,calc_25309.hdf5
smi:ch.ethz.sed/scenario/Origin/Frauenfeld_M6_0,risk,MIM,SA1,RB,0.025,calc_25307.hdf5
smi:ch.ethz.sed/scenario/Origin/Frauenfeld_M6_0,risk,MIM,SA1,RF,0.075,calc_25310.hdf5
smi:ch.ethz.sed/scenario/Origin/Frauenfeld_M6_0,risk,SAM,N/A,RB,0.175,calc_25447.hdf5
smi:ch.ethz.sed/scenario/Origin/Frauenfeld_M6_0,risk,SAM,N/A,RF,0.525,calc_25448.hdf5
smi:ch.ethz.sed/scenario/Origin/Freienbach_M6_0,damage,MIM,PGV,RB,0.025,calc_26175.hdf5
smi:ch.ethz.sed/scenario/Origin/Freienbach_M6_0,damage,MIM,PGV,RF,0.075,calc_26178.hdf5
smi:ch.ethz.sed/scenario/Origin/Freienbach_M6_0,damage,MIM,SA03,RB,0.025,calc_26176.hdf5
smi:ch.ethz.sed/scenario/Origin/Freienbach_M6_0,damage,MIM,SA03,RF,0.075,calc_26179.hdf5
smi:ch.ethz.sed/scenario/Origin/Freienbach_M6_0,damage,MIM,SA1,RB,0.025,calc_26177.hdf5
smi:ch.ethz.sed/scenario/Origin/Freienbach_M6_0,damage,MIM,SA1,RF,0.075,calc_26180.hdf5
smi:ch.ethz.sed/scenario/Origin/Freienbach_M6_0,damage,SAM,N/A,RB,0.175,calc_26217.hdf5
smi:ch.ethz.sed/scenario/Origin/Freienbach_M6_0,damage,SAM,N/A,RF,0.525,calc_26218.hdf5
smi:ch.ethz.sed/scenario/Origin/Freienbach_M6_0,risk,MIM,PGV,RB,0.025,calc_26121.hdf5
smi:ch.ethz.sed/scenario/Origin/Freienbach_M6_0,risk,MIM,PGV,RF,0.075,calc_26124.hdf5
smi:ch.ethz.sed/scenario/Origin/Freienbach_M6_0,risk,MIM,SA03,RB,0.025,calc_26122.hdf5
smi:ch.ethz.sed/scenario/Origin/Freienbach_M6_0,risk,MIM,SA03,RF,0.075,calc_26125.hdf5
smi:ch.ethz.sed/scenario/Origin/Freienbach_M6_0,risk,MIM,SA1,RB,0.025,calc_26123.hdf5
smi:ch.ethz.sed/scenario/Origin/Freienbach_M6_0,risk,MIM,SA1,RF,0.075,calc_26126.hdf5
smi:ch.ethz.sed/scenario/Origin/Freienbach_M6_0,risk,SAM,N/A,RB,0.175,calc_26163.hdf5
smi:ch.ethz.sed/scenario/Origin/Freienbach_M6_0,risk,SAM,N/A,RF,0.525,calc_26164.hdf5
smi:ch.ethz.sed/scenario/Origin/Fribourg_M6_0,damage,MIM,PGV,RB,0.025,calc_25543.hdf5
smi:ch.ethz.sed/scenario/Origin/Fribourg_M6_0,damage,MIM,PGV,RF,0.075,calc_25546.hdf5
smi:ch.ethz.sed/scenario/Origin/Fribourg_M6_0,damage,MIM,SA03,RB,0.025,calc_25544.hdf5
smi:ch.ethz.sed/scenario/Origin/Fribourg_M6_0,damage,MIM,SA03,RF,0.075,calc_25547.hdf5
smi:ch.ethz.sed/scenario/Origin/Fribourg_M6_0,damage,MIM,SA1,RB,0.025,calc_25545.hdf5
smi:ch.ethz.sed/scenario/Origin/Fribourg_M6_0,damage,MIM,SA1,RF,0.075,calc_25548.hdf5
smi:ch.ethz.sed/scenario/Origin/Fribourg_M6_0,damage,SAM,N/A,RB,0.175,calc_25863.hdf5
smi:ch.ethz.sed/scenario/Origin/Fribourg_M6_0,damage,SAM,N/A,RF,0.525,calc_25864.hdf5
smi:ch.ethz.sed/scenario/Origin/Fribourg_M6_0,risk,MIM,PGV,RB,0.025,calc_25311.hdf5
smi:ch.ethz.sed/scenario/Origin/Fribourg_M6_0,risk,MIM,PGV,RF,0.075,calc_25314.hdf5
smi:ch.ethz.sed/scenario/Origin/Fribourg_M6_0,risk,MIM,SA03,RB,0.025,calc_25312.hdf5
smi:ch.ethz.sed/scenario/Origin/Fribourg_M6_0,risk,MIM,SA03,RF,0.075,calc_25315.hdf5
smi:ch.ethz.sed/scenario/Origin/Fribourg_M6_0,risk,MIM,SA1,RB,0.025,calc_25313.hdf5
smi:ch.ethz.sed/scenario/Origin/Fribourg_M6_0,risk,MIM,SA1,RF,0.075,calc_25316.hdf5
smi:ch.ethz.sed/scenario/Origin/Fribourg_M6_0,risk,SAM,N/A,RB,0.175,calc_25449.hdf5
smi:ch.ethz.sed/scenario/Origin/Fribourg_M6_0,risk,SAM,N/A,RF,0.525,calc_25450.hdf5
smi:ch.ethz.sed/scenario/Origin/Geneve_M6_0,damage,MIM,PGV,RB,0.025,calc_25549.hdf5
smi:ch.ethz.sed/scenario/Origin/Geneve_M6_0,damage,MIM,PGV,RF,0.075,calc_25552.hdf5
smi:ch.ethz.sed/scenario/Origin/Geneve_M6_0,damage,MIM,SA03,RB,0.025,calc_25550.hdf5
smi:ch.ethz.sed/scenario/Origin/Geneve_M6_0,damage,MIM,SA03,RF,0.075,calc_25553.hdf5
smi:ch.ethz.sed/scenario/Origin/Geneve_M6_0,damage,MIM,SA1,RB,0.025,calc_25551.hdf5
smi:ch.ethz.sed/scenario/Origin/Geneve_M6_0,damage,MIM,SA1,RF,0.075,calc_25554.hdf5
smi:ch.ethz.sed/scenario/Origin/Geneve_M6_0,damage,SAM,N/A,RB,0.175,calc_25865.hdf5
smi:ch.ethz.sed/scenario/Origin/Geneve_M6_0,damage,SAM,N/A,RF,0.525,calc_25866.hdf5
smi:ch.ethz.sed/scenario/Origin/Geneve_M6_0,risk,MIM,PGV,RB,0.025,calc_25317.hdf5
smi:ch.ethz.sed/scenario/Origin/Geneve_M6_0,risk,MIM,PGV,RF,0.075,calc_25320.hdf5
smi:ch.ethz.sed/scenario/Origin/Geneve_M6_0,risk,MIM,SA03,RB,0.025,calc_25318.hdf5
smi:ch.ethz.sed/scenario/Origin/Geneve_M6_0,risk,MIM,SA03,RF,0.075,calc_25321.hdf5
smi:ch.ethz.sed/scenario/Origin/Geneve_M6_0,risk,MIM,SA1,RB,0.025,calc_25319.hdf5
smi:ch.ethz.sed/scenario/Origin/Geneve_M6_0,risk,MIM,SA1,RF,0.075,calc_25322.hdf5
smi:ch.ethz.sed/scenario/Origin/Geneve_M6_0,risk,SAM,N/A,RB,0.175,calc_25451.hdf5
smi:ch.ethz.sed/scenario/Origin/Geneve_M6_0,risk,SAM,N/A,RF,0.525,calc_25452.hdf5
smi:ch.ethz.sed/scenario/Origin/Glarus_M6_0,damage,MIM,PGV,RB,0.025,calc_25555.hdf5
smi:ch.ethz.sed/scenario/Origin/Glarus_M6_0,damage,MIM,PGV,RF,0.075,calc_25558.hdf5
smi:ch.ethz.sed/scenario/Origin/Glarus_M6_0,damage,MIM,SA03,RB,0.025,calc_25556.hdf5
smi:ch.ethz.sed/scenario/Origin/Glarus_M6_0,damage,MIM,SA03,RF,0.075,calc_25559.hdf5
smi:ch.ethz.sed/scenario/Origin/Glarus_M6_0,damage,MIM,SA1,RB,0.025,calc_25557.hdf5
smi:ch.ethz.sed/scenario/Origin/Glarus_M6_0,damage,MIM,SA1,RF,0.075,calc_25560.hdf5
smi:ch.ethz.sed/scenario/Origin/Glarus_M6_0,damage,SAM,N/A,RB,0.175,calc_25867.hdf5
smi:ch.ethz.sed/scenario/Origin/Glarus_M6_0,damage,SAM,N/A,RF,0.525,calc_25868.hdf5
smi:ch.ethz.sed/scenario/Origin/Glarus_M6_0,risk,MIM,PGV,RB,0.025,calc_25323.hdf5
smi:ch.ethz.sed/scenario/Origin/Glarus_M6_0,risk,MIM,PGV,RF,0.075,calc_25326.hdf5
smi:ch.ethz.sed/scenario/Origin/Glarus_M6_0,risk,MIM,SA03,RB,0.025,calc_25324.hdf5
smi:ch.ethz.sed/scenario/Origin/Glarus_M6_0,risk,MIM,SA03,RF,0.075,calc_25327.hdf5
smi:ch.ethz.sed/scenario/Origin/Glarus_M6_0,risk,MIM,SA1,RB,0.025,calc_25325.hdf5
smi:ch.ethz.sed/scenario/Origin/Glarus_M6_0,risk,MIM,SA1,RF,0.075,calc_25328.hdf5
smi:ch.ethz.sed/scenario/Origin/Glarus_M6_0,risk,SAM,N/A,RB,0.175,calc_25453.hdf5
smi:ch.ethz.sed/scenario/Origin/Glarus_M6_0,risk,SAM,N/A,RF,0.525,calc_25454.hdf5
smi:ch.ethz.sed/scenario/Origin/Glarus_Nord_M6_0,damage,MIM,PGV,RB,0.025,calc_26181.hdf5
smi:ch.ethz.sed/scenario/Origin/Glarus_Nord_M6_0,damage,MIM,PGV,RF,0.075,calc_26184.hdf5
smi:ch.ethz.sed/scenario/Origin/Glarus_Nord_M6_0,damage,MIM,SA03,RB,0.025,calc_26182.hdf5
smi:ch.ethz.sed/scenario/Origin/Glarus_Nord_M6_0,damage,MIM,SA03,RF,0.075,calc_26185.hdf5
smi:ch.ethz.sed/scenario/Origin/Glarus_Nord_M6_0,damage,MIM,SA1,RB,0.025,calc_26183.hdf5
smi:ch.ethz.sed/scenario/Origin/Glarus_Nord_M6_0,damage,MIM,SA1,RF,0.075,calc_26186.hdf5
smi:ch.ethz.sed/scenario/Origin/Glarus_Nord_M6_0,damage,SAM,N/A,RB,0.175,calc_25869.hdf5
smi:ch.ethz.sed/scenario/Origin/Glarus_Nord_M6_0,damage,SAM,N/A,RF,0.525,calc_25870.hdf5
smi:ch.ethz.sed/scenario/Origin/Glarus_Nord_M6_0,risk,MIM,PGV,RB,0.025,calc_26127.hdf5
smi:ch.ethz.sed/scenario/Origin/Glarus_Nord_M6_0,risk,MIM,PGV,RF,0.075,calc_26130.hdf5
smi:ch.ethz.sed/scenario/Origin/Glarus_Nord_M6_0,risk,MIM,SA03,RB,0.025,calc_26128.hdf5
smi:ch.ethz.sed/scenario/Origin/Glarus_Nord_M6_0,risk,MIM,SA03,RF,0.075,calc_26131.hdf5
smi:ch.ethz.sed/scenario/Origin/Glarus_Nord_M6_0,risk,MIM,SA1,RB,0.025,calc_26129.hdf5
smi:ch.ethz.sed/scenario/Origin/Glarus_Nord_M6_0,risk,MIM,SA1,RF,0.075,calc_26132.hdf5
smi:ch.ethz.sed/scenario/Origin/Glarus_Nord_M6_0,risk,SAM,N/A,RB,0.175,calc_25455.hdf5
smi:ch.ethz.sed/scenario/Origin/Glarus_Nord_M6_0,risk,SAM,N/A,RF,0.525,calc_25456.hdf5
smi:ch.ethz.sed/scenario/Origin/Herisau_M6_0,damage,MIM,PGV,RB,0.025,calc_25561.hdf5
smi:ch.ethz.sed/scenario/Origin/Herisau_M6_0,damage,MIM,PGV,RF,0.075,calc_25564.hdf5
smi:ch.ethz.sed/scenario/Origin/Herisau_M6_0,damage,MIM,SA03,RB,0.025,calc_25562.hdf5
smi:ch.ethz.sed/scenario/Origin/Herisau_M6_0,damage,MIM,SA03,RF,0.075,calc_25565.hdf5
smi:ch.ethz.sed/scenario/Origin/Herisau_M6_0,damage,MIM,SA1,RB,0.025,calc_25563.hdf5
smi:ch.ethz.sed/scenario/Origin/Herisau_M6_0,damage,MIM,SA1,RF,0.075,calc_25566.hdf5
smi:ch.ethz.sed/scenario/Origin/Herisau_M6_0,damage,SAM,N/A,RB,0.175,calc_25871.hdf5
smi:ch.ethz.sed/scenario/Origin/Herisau_M6_0,damage,SAM,N/A,RF,0.525,calc_25872.hdf5
smi:ch.ethz.sed/scenario/Origin/Herisau_M6_0,risk,MIM,PGV,RB,0.025,calc_25329.hdf5
smi:ch.ethz.sed/scenario/Origin/Herisau_M6_0,risk,MIM,PGV,RF,0.075,calc_25332.hdf5
smi:ch.ethz.sed/scenario/Origin/Herisau_M6_0,risk,MIM,SA03,RB,0.025,calc_25330.hdf5
smi:ch.ethz.sed/scenario/Origin/Herisau_M6_0,risk,MIM,SA03,RF,0.075,calc_25333.hdf5
smi:ch.ethz.sed/scenario/Origin/Herisau_M6_0,risk,MIM,SA1,RB,0.025,calc_25331.hdf5
smi:ch.ethz.sed/scenario/Origin/Herisau_M6_0,risk,MIM,SA1,RF,0.075,calc_25334.hdf5
smi:ch.ethz.sed/scenario/Origin/Herisau_M6_0,risk,SAM,N/A,RB,0.175,calc_25457.hdf5
smi:ch.ethz.sed/scenario/Origin/Herisau_M6_0,risk,SAM,N/A,RF,0.525,calc_25458.hdf5
smi:ch.ethz.sed/scenario/Origin/Kreuzlingen_M6_0,damage,MIM,PGV,RB,0.025,calc_26077.hdf5
smi:ch.ethz.sed/scenario/Origin/Kreuzlingen_M6_0,damage,MIM,PGV,RF,0.075,calc_26080.hdf5
smi:ch.ethz.sed/scenario/Origin/Kreuzlingen_M6_0,damage,MIM,SA03,RB,0.025,calc_26078.hdf5
smi:ch.ethz.sed/scenario/Origin/Kreuzlingen_M6_0,damage,MIM,SA03,RF,0.075,calc_26081.hdf5
smi:ch.ethz.sed/scenario/Origin/Kreuzlingen_M6_0,damage,MIM,SA1,RB,0.025,calc_26079.hdf5
smi:ch.ethz.sed/scenario/Origin/Kreuzlingen_M6_0,damage,MIM,SA1,RF,0.075,calc_26082.hdf5
smi:ch.ethz.sed/scenario/Origin/Kreuzlingen_M6_0,damage,SAM,N/A,RB,0.175,calc_26083.hdf5
smi:ch.ethz.sed/scenario/Origin/Kreuzlingen_M6_0,damage,SAM,N/A,RF,0.525,calc_26084.hdf5
smi:ch.ethz.sed/scenario/Origin/Kreuzlingen_M6_0,risk,MIM,PGV,RB,0.025,calc_26069.hdf5
smi:ch.ethz.sed/scenario/Origin/Kreuzlingen_M6_0,risk,MIM,PGV,RF,0.075,calc_26072.hdf5
smi:ch.ethz.sed/scenario/Origin/Kreuzlingen_M6_0,risk,MIM,SA03,RB,0.025,calc_26070.hdf5
smi:ch.ethz.sed/scenario/Origin/Kreuzlingen_M6_0,risk,MIM,SA03,RF,0.075,calc_26073.hdf5
smi:ch.ethz.sed/scenario/Origin/Kreuzlingen_M6_0,risk,MIM,SA1,RB,0.025,calc_26071.hdf5
smi:ch.ethz.sed/scenario/Origin/Kreuzlingen_M6_0,risk,MIM,SA1,RF,0.075,calc_26074.hdf5
smi:ch.ethz.sed/scenario/Origin/Kreuzlingen_M6_0,risk,SAM,N/A,RB,0.175,calc_26075.hdf5
smi:ch.ethz.sed/scenario/Origin/Kreuzlingen_M6_0,risk,SAM,N/A,RF,0.525,calc_26076.hdf5
smi:ch.ethz.sed/scenario/Origin/La_Chaux_de_Fonds_M6_0,damage,MIM,PGV,RB,0.025,calc_25792.hdf5
smi:ch.ethz.sed/scenario/Origin/La_Chaux_de_Fonds_M6_0,damage,MIM,PGV,RF,0.075,calc_25795.hdf5
smi:ch.ethz.sed/scenario/Origin/La_Chaux_de_Fonds_M6_0,damage,MIM,SA03,RB,0.025,calc_25793.hdf5
smi:ch.ethz.sed/scenario/Origin/La_Chaux_de_Fonds_M6_0,damage,MIM,SA03,RF,0.075,calc_25796.hdf5
smi:ch.ethz.sed/scenario/Origin/La_Chaux_de_Fonds_M6_0,damage,MIM,SA1,RB,0.025,calc_25794.hdf5
smi:ch.ethz.sed/scenario/Origin/La_Chaux_de_Fonds_M6_0,damage,MIM,SA1,RF,0.075,calc_25797.hdf5
smi:ch.ethz.sed/scenario/Origin/La_Chaux_de_Fonds_M6_0,damage,SAM,N/A,RB,0.175,calc_25873.hdf5
smi:ch.ethz.sed/scenario/Origin/La_Chaux_de_Fonds_M6_0,damage,SAM,N/A,RF,0.525,calc_25874.hdf5
smi:ch.ethz.sed/scenario/Origin/La_Chaux_de_Fonds_M6_0,risk,MIM,PGV,RB,0.025,calc_25716.hdf5
smi:ch.ethz.sed/scenario/Origin/La_Chaux_de_Fonds_M6_0,risk,MIM,PGV,RF,0.075,calc_25719.hdf5
smi:ch.ethz.sed/scenario/Origin/La_Chaux_de_Fonds_M6_0,risk,MIM,SA03,RB,0.025,calc_25717.hdf5
smi:ch.ethz.sed/scenario/Origin/La_Chaux_de_Fonds_M6_0,risk,MIM,SA03,RF,0.075,calc_25720.hdf5
smi:ch.ethz.sed/scenario/Origin/La_Chaux_de_Fonds_M6_0,risk,MIM,SA1,RB,0.025,calc_25718.hdf5
smi:ch.ethz.sed/scenario/Origin/La_Chaux_de_Fonds_M6_0,risk,MIM,SA1,RF,0.075,calc_25721.hdf5
smi:ch.ethz.sed/scenario/Origin/La_Chaux_de_Fonds_M6_0,risk,SAM,N/A,RB,0.175,calc_25756.hdf5
smi:ch.ethz.sed/scenario/Origin/La_Chaux_de_Fonds_M6_0,risk,SAM,N/A,RF,0.525,calc_25757.hdf5
smi:ch.ethz.sed/scenario/Origin/Lausanne_M6_0,damage,MIM,PGV,RB,0.025,calc_25567.hdf5
smi:ch.ethz.sed/scenario/Origin/Lausanne_M6_0,damage,MIM,PGV,RF,0.075,calc_25570.hdf5
smi:ch.ethz.sed/scenario/Origin/Lausanne_M6_0,damage,MIM,SA03,RB,0.025,calc_25568.hdf5
smi:ch.ethz.sed/scenario/Origin/Lausanne_M6_0,damage,MIM,SA03,RF,0.075,calc_25571.hdf5
smi:ch.ethz.sed/scenario/Origin/Lausanne_M6_0,damage,MIM,SA1,RB,0.025,calc_25569.hdf5
smi:ch.ethz.sed/scenario/Origin/Lausanne_M6_0,damage,MIM,SA1,RF,0.075,calc_25572.hdf5
smi:ch.ethz.sed/scenario/Origin/Lausanne_M6_0,damage,SAM,N/A,RB,0.175,calc_25875.hdf5
smi:ch.ethz.sed/scenario/Origin/Lausanne_M6_0,damage,SAM,N/A,RF,0.525,calc_25876.hdf5
smi:ch.ethz.sed/scenario/Origin/Lausanne_M6_0,risk,MIM,PGV,RB,0.025,calc_25335.hdf5
smi:ch.ethz.sed/scenario/Origin/Lausanne_M6_0,risk,MIM,PGV,RF,0.075,calc_25338.hdf5
smi:ch.ethz.sed/scenario/Origin/Lausanne_M6_0,risk,MIM,SA03,RB,0.025,calc_25336.hdf5
smi:ch.ethz.sed/scenario/Origin/Lausanne_M6_0,risk,MIM,SA03,RF,0.075,calc_25339.hdf5
smi:ch.ethz.sed/scenario/Origin/Lausanne_M6_0,risk,MIM,SA1,RB,0.025,calc_25337.hdf5
smi:ch.ethz.sed/scenario/Origin/Lausanne_M6_0,risk,MIM,SA1,RF,0.075,calc_25340.hdf5
smi:ch.ethz.sed/scenario/Origin/Lausanne_M6_0,risk,SAM,N/A,RB,0.175,calc_25459.hdf5
smi:ch.ethz.sed/scenario/Origin/Lausanne_M6_0,risk,SAM,N/A,RF,0.525,calc_25460.hdf5
smi:ch.ethz.sed/scenario/Origin/Liestal_M6_0,damage,MIM,PGV,RB,0.025,calc_25573.hdf5
smi:ch.ethz.sed/scenario/Origin/Liestal_M6_0,damage,MIM,PGV,RF,0.075,calc_25576.hdf5
smi:ch.ethz.sed/scenario/Origin/Liestal_M6_0,damage,MIM,SA03,RB,0.025,calc_25574.hdf5
smi:ch.ethz.sed/scenario/Origin/Liestal_M6_0,damage,MIM,SA03,RF,0.075,calc_25577.hdf5
smi:ch.ethz.sed/scenario/Origin/Liestal_M6_0,damage,MIM,SA1,RB,0.025,calc_25575.hdf5
smi:ch.ethz.sed/scenario/Origin/Liestal_M6_0,damage,MIM,SA1,RF,0.075,calc_25578.hdf5
smi:ch.ethz.sed/scenario/Origin/Liestal_M6_0,damage,SAM,N/A,RB,0.175,calc_25877.hdf5
smi:ch.ethz.sed/scenario/Origin/Liestal_M6_0,damage,SAM,N/A,RF,0.525,calc_25878.hdf5
smi:ch.ethz.sed/scenario/Origin/Liestal_M6_0,risk,MIM,PGV,RB,0.025,calc_25341.hdf5
smi:ch.ethz.sed/scenario/Origin/Liestal_M6_0,risk,MIM,PGV,RF,0.075,calc_25344.hdf5
smi:ch.ethz.sed/scenario/Origin/Liestal_M6_0,risk,MIM,SA03,RB,0.025,calc_25342.hdf5
smi:ch.ethz.sed/scenario/Origin/Liestal_M6_0,risk,MIM,SA03,RF,0.075,calc_25345.hdf5
smi:ch.ethz.sed/scenario/Origin/Liestal_M6_0,risk,MIM,SA1,RB,0.025,calc_25343.hdf5
smi:ch.ethz.sed/scenario/Origin/Liestal_M6_0,risk,MIM,SA1,RF,0.075,calc_25346.hdf5
smi:ch.ethz.sed/scenario/Origin/Liestal_M6_0,risk,SAM,N/A,RB,0.175,calc_25461.hdf5
smi:ch.ethz.sed/scenario/Origin/Liestal_M6_0,risk,SAM,N/A,RF,0.525,calc_25462.hdf5
smi:ch.ethz.sed/scenario/Origin/Lugano_M6_0,damage,MIM,PGV,RB,0.025,calc_25579.hdf5
smi:ch.ethz.sed/scenario/Origin/Lugano_M6_0,damage,MIM,PGV,RF,0.075,calc_25582.hdf5
smi:ch.ethz.sed/scenario/Origin/Lugano_M6_0,damage,MIM,SA03,RB,0.025,calc_25580.hdf5
smi:ch.ethz.sed/scenario/Origin/Lugano_M6_0,damage,MIM,SA03,RF,0.075,calc_25583.hdf5
smi:ch.ethz.sed/scenario/Origin/Lugano_M6_0,damage,MIM,SA1,RB,0.025,calc_25581.hdf5
smi:ch.ethz.sed/scenario/Origin/Lugano_M6_0,damage,MIM,SA1,RF,0.075,calc_25584.hdf5
smi:ch.ethz.sed/scenario/Origin/Lugano_M6_0,damage,SAM,N/A,RB,0.175,calc_26115.hdf5
smi:ch.ethz.sed/scenario/Origin/Lugano_M6_0,damage,SAM,N/A,RF,0.525,calc_26116.hdf5
smi:ch.ethz.sed/scenario/Origin/Lugano_M6_0,risk,MIM,PGV,RB,0.025,calc_25347.hdf5
smi:ch.ethz.sed/scenario/Origin/Lugano_M6_0,risk,MIM,PGV,RF,0.075,calc_25350.hdf5
smi:ch.ethz.sed/scenario/Origin/Lugano_M6_0,risk,MIM,SA03,RB,0.025,calc_25348.hdf5
smi:ch.ethz.sed/scenario/Origin/Lugano_M6_0,risk,MIM,SA03,RF,0.075,calc_25351.hdf5
smi:ch.ethz.sed/scenario/Origin/Lugano_M6_0,risk,MIM,SA1,RB,0.025,calc_25349.hdf5
smi:ch.ethz.sed/scenario/Origin/Lugano_M6_0,risk,MIM,SA1,RF,0.075,calc_25352.hdf5
smi:ch.ethz.sed/scenario/Origin/Lugano_M6_0,risk,SAM,N/A,RB,0.175,calc_26111.hdf5
smi:ch.ethz.sed/scenario/Origin/Lugano_M6_0,risk,SAM,N/A,RF,0.525,calc_26112.hdf5
smi:ch.ethz.sed/scenario/Origin/Luzern_M6_0,damage,MIM,PGV,RB,0.025,calc_25585.hdf5
smi:ch.ethz.sed/scenario/Origin/Luzern_M6_0,damage,MIM,PGV,RF,0.075,calc_25588.hdf5
smi:ch.ethz.sed/scenario/Origin/Luzern_M6_0,damage,MIM,SA03,RB,0.025,calc_25586.hdf5
smi:ch.ethz.sed/scenario/Origin/Luzern_M6_0,damage,MIM,SA03,RF,0.075,calc_25589.hdf5
smi:ch.ethz.sed/scenario/Origin/Luzern_M6_0,damage,MIM,SA1,RB,0.025,calc_25587.hdf5
smi:ch.ethz.sed/scenario/Origin/Luzern_M6_0,damage,MIM,SA1,RF,0.075,calc_25590.hdf5
smi:ch.ethz.sed/scenario/Origin/Luzern_M6_0,damage,SAM,N/A,RB,0.175,calc_25879.hdf5
smi:ch.ethz.sed/scenario/Origin/Luzern_M6_0,damage,SAM,N/A,RF,0.525,calc_25880.hdf5
smi:ch.ethz.sed/scenario/Origin/Luzern_M6_0,risk,MIM,PGV,RB,0.025,calc_25353.hdf5
smi:ch.ethz.sed/scenario/Origin/Luzern_M6_0,risk,MIM,PGV,RF,0.075,calc_25356.hdf5
smi:ch.ethz.sed/scenario/Origin/Luzern_M6_0,risk,MIM,SA03,RB,0.025,calc_25354.hdf5
smi:ch.ethz.sed/scenario/Origin/Luzern_M6_0,risk,MIM,SA03,RF,0.075,calc_25357.hdf5
smi:ch.ethz.sed/scenario/Origin/Luzern_M6_0,risk,MIM,SA1,RB,0.025,calc_25355.hdf5
smi:ch.ethz.sed/scenario/Origin/Luzern_M6_0,risk,MIM,SA1,RF,0.075,calc_25358.hdf5
smi:ch.ethz.sed/scenario/Origin/Luzern_M6_0,risk,SAM,N/A,RB,0.175,calc_25463.hdf5
smi:ch.ethz.sed/scenario/Origin/Luzern_M6_0,risk,SAM,N/A,RF,0.525,calc_25464.hdf5
smi:ch.ethz.sed/scenario/Origin/Martigny_M6_0,damage,MIM,PGV,RB,0.025,calc_25591.hdf5
smi:ch.ethz.sed/scenario/Origin/Martigny_M6_0,damage,MIM,PGV,RF,0.075,calc_25594.hdf5
smi:ch.ethz.sed/scenario/Origin/Martigny_M6_0,damage,MIM,SA03,RB,0.025,calc_25592.hdf5
smi:ch.ethz.sed/scenario/Origin/Martigny_M6_0,damage,MIM,SA03,RF,0.075,calc_25595.hdf5
smi:ch.ethz.sed/scenario/Origin/Martigny_M6_0,damage,MIM,SA1,RB,0.025,calc_25593.hdf5
smi:ch.ethz.sed/scenario/Origin/Martigny_M6_0,damage,MIM,SA1,RF,0.075,calc_25596.hdf5
smi:ch.ethz.sed/scenario/Origin/Martigny_M6_0,damage,SAM,N/A,RB,0.175,calc_26117.hdf5
smi:ch.ethz.sed/scenario/Origin/Martigny_M6_0,damage,SAM,N/A,RF,0.525,calc_26118.hdf5
smi:ch.ethz.sed/scenario/Origin/Martigny_M6_0,risk,MIM,PGV,RB,0.025,calc_25359.hdf5
smi:ch.ethz.sed/scenario/Origin/Martigny_M6_0,risk,MIM,PGV,RF,0.075,calc_25362.hdf5
smi:ch.ethz.sed/scenario/Origin/Martigny_M6_0,risk,MIM,SA03,RB,0.025,calc_25360.hdf5
smi:ch.ethz.sed/scenario/Origin/Martigny_M6_0,risk,MIM,SA03,RF,0.075,calc_25363.hdf5
smi:ch.ethz.sed/scenario/Origin/Martigny_M6_0,risk,MIM,SA1,RB,0.025,calc_25361.hdf5
smi:ch.ethz.sed/scenario/Origin/Martigny_M6_0,risk,MIM,SA1,RF,0.075,calc_25364.hdf5
smi:ch.ethz.sed/scenario/Origin/Martigny_M6_0,risk,SAM,N/A,RB,0.175,calc_26113.hdf5
smi:ch.ethz.sed/scenario/Origin/Martigny_M6_0,risk,SAM,N/A,RF,0.525,calc_26114.hdf5
smi:ch.ethz.sed/scenario/Origin/Neuchatel_M6_0,damage,MIM,PGV,RB,0.025,calc_25597.hdf5
smi:ch.ethz.sed/scenario/Origin/Neuchatel_M6_0,damage,MIM,PGV,RF,0.075,calc_25600.hdf5
smi:ch.ethz.sed/scenario/Origin/Neuchatel_M6_0,damage,MIM,SA03,RB,0.025,calc_25598.hdf5
smi:ch.ethz.sed/scenario/Origin/Neuchatel_M6_0,damage,MIM,SA03,RF,0.075,calc_25601.hdf5
smi:ch.ethz.sed/scenario/Origin/Neuchatel_M6_0,damage,MIM,SA1,RB,0.025,calc_25599.hdf5
smi:ch.ethz.sed/scenario/Origin/Neuchatel_M6_0,damage,MIM,SA1,RF,0.075,calc_25602.hdf5
smi:ch.ethz.sed/scenario/Origin/Neuchatel_M6_0,damage,SAM,N/A,RB,0.175,calc_25881.hdf5
smi:ch.ethz.sed/scenario/Origin/Neuchatel_M6_0,damage,SAM,N/A,RF,0.525,calc_25882.hdf5
smi:ch.ethz.sed/scenario/Origin/Neuchatel_M6_0,risk,MIM,PGV,RB,0.025,calc_25365.hdf5
smi:ch.ethz.sed/scenario/Origin/Neuchatel_M6_0,risk,MIM,PGV,RF,0.075,calc_25368.hdf5
smi:ch.ethz.sed/scenario/Origin/Neuchatel_M6_0,risk,MIM,SA03,RB,0.025,calc_25366.hdf5
smi:ch.ethz.sed/scenario/Origin/Neuchatel_M6_0,risk,MIM,SA03,RF,0.075,calc_25369.hdf5
smi:ch.ethz.sed/scenario/Origin/Neuchatel_M6_0,risk,MIM,SA1,RB,0.025,calc_25367.hdf5
smi:ch.ethz.sed/scenario/Origin/Neuchatel_M6_0,risk,MIM,SA1,RF,0.075,calc_25370.hdf5
smi:ch.ethz.sed/scenario/Origin/Neuchatel_M6_0,risk,SAM,N/A,RB,0.175,calc_25465.hdf5
smi:ch.ethz.sed/scenario/Origin/Neuchatel_M6_0,risk,SAM,N/A,RF,0.525,calc_25466.hdf5
smi:ch.ethz.sed/scenario/Origin/Neuhausen_am_Rheinfall_M6_0,damage,MIM,PGV,RB,0.025,calc_26187.hdf5
smi:ch.ethz.sed/scenario/Origin/Neuhausen_am_Rheinfall_M6_0,damage,MIM,PGV,RF,0.075,calc_26190.hdf5
smi:ch.ethz.sed/scenario/Origin/Neuhausen_am_Rheinfall_M6_0,damage,MIM,SA03,RB,0.025,calc_26188.hdf5
smi:ch.ethz.sed/scenario/Origin/Neuhausen_am_Rheinfall_M6_0,damage,MIM,SA03,RF,0.075,calc_26191.hdf5
smi:ch.ethz.sed/scenario/Origin/Neuhausen_am_Rheinfall_M6_0,damage,MIM,SA1,RB,0.025,calc_26189.hdf5
smi:ch.ethz.sed/scenario/Origin/Neuhausen_am_Rheinfall_M6_0,damage,MIM,SA1,RF,0.075,calc_26192.hdf5
smi:ch.ethz.sed/scenario/Origin/Neuhausen_am_Rheinfall_M6_0,damage,SAM,N/A,RB,0.175,calc_25883.hdf5
smi:ch.ethz.sed/scenario/Origin/Neuhausen_am_Rheinfall_M6_0,damage,SAM,N/A,RF,0.525,calc_25884.hdf5
smi:ch.ethz.sed/scenario/Origin/Neuhausen_am_Rheinfall_M6_0,risk,MIM,PGV,RB,0.025,calc_26133.hdf5
smi:ch.ethz.sed/scenario/Origin/Neuhausen_am_Rheinfall_M6_0,risk,MIM,PGV,RF,0.075,calc_26136.hdf5
smi:ch.ethz.sed/scenario/Origin/Neuhausen_am_Rheinfall_M6_0,risk,MIM,SA03,RB,0.025,calc_26134.hdf5
smi:ch.ethz.sed/scenario/Origin/Neuhausen_am_Rheinfall_M6_0,risk,MIM,SA03,RF,0.075,calc_26137.hdf5
smi:ch.ethz.sed/scenario/Origin/Neuhausen_am_Rheinfall_M6_0,risk,MIM,SA1,RB,0.025,calc_26135.hdf5
smi:ch.ethz.sed/scenario/Origin/Neuhausen_am_Rheinfall_M6_0,risk,MIM,SA1,RF,0.075,calc_26138.hdf5
smi:ch.ethz.sed/scenario/Origin/Neuhausen_am_Rheinfall_M6_0,risk,SAM,N/A,RB,0.175,calc_25467.hdf5
smi:ch.ethz.sed/scenario/Origin/Neuhausen_am_Rheinfall_M6_0,risk,SAM,N/A,RF,0.525,calc_25468.hdf5
smi:ch.ethz.sed/scenario/Origin/Olten_M6_0,damage,MIM,PGV,RB,0.025,calc_25798.hdf5
smi:ch.ethz.sed/scenario/Origin/Olten_M6_0,damage,MIM,PGV,RF,0.075,calc_25801.hdf5
smi:ch.ethz.sed/scenario/Origin/Olten_M6_0,damage,MIM,SA03,RB,0.025,calc_25799.hdf5
smi:ch.ethz.sed/scenario/Origin/Olten_M6_0,damage,MIM,SA03,RF,0.075,calc_25802.hdf5
smi:ch.ethz.sed/scenario/Origin/Olten_M6_0,damage,MIM,SA1,RB,0.025,calc_25800.hdf5
smi:ch.ethz.sed/scenario/Origin/Olten_M6_0,damage,MIM,SA1,RF,0.075,calc_25803.hdf5
smi:ch.ethz.sed/scenario/Origin/Olten_M6_0,damage,SAM,N/A,RB,0.175,calc_25885.hdf5
smi:ch.ethz.sed/scenario/Origin/Olten_M6_0,damage,SAM,N/A,RF,0.525,calc_25886.hdf5
smi:ch.ethz.sed/scenario/Origin/Olten_M6_0,risk,MIM,PGV,RB,0.025,calc_25722.hdf5
smi:ch.ethz.sed/scenario/Origin/Olten_M6_0,risk,MIM,PGV,RF,0.075,calc_25725.hdf5
smi:ch.ethz.sed/scenario/Origin/Olten_M6_0,risk,MIM,SA03,RB,0.025,calc_25723.hdf5
smi:ch.ethz.sed/scenario/Origin/Olten_M6_0,risk,MIM,SA03,RF,0.075,calc_25726.hdf5
smi:ch.ethz.sed/scenario/Origin/Olten_M6_0,risk,MIM,SA1,RB,0.025,calc_25724.hdf5
smi:ch.ethz.sed/scenario/Origin/Olten_M6_0,risk,MIM,SA1,RF,0.075,calc_25727.hdf5
smi:ch.ethz.sed/scenario/Origin/Olten_M6_0,risk,SAM,N/A,RB,0.175,calc_25758.hdf5
smi:ch.ethz.sed/scenario/Origin/Olten_M6_0,risk,SAM,N/A,RF,0.525,calc_25759.hdf5
smi:ch.ethz.sed/scenario/Origin/Porrentruy_M6_0,damage,MIM,PGV,RB,0.025,calc_26193.hdf5
smi:ch.ethz.sed/scenario/Origin/Porrentruy_M6_0,damage,MIM,PGV,RF,0.075,calc_26196.hdf5
smi:ch.ethz.sed/scenario/Origin/Porrentruy_M6_0,damage,MIM,SA03,RB,0.025,calc_26194.hdf5
smi:ch.ethz.sed/scenario/Origin/Porrentruy_M6_0,damage,MIM,SA03,RF,0.075,calc_26197.hdf5
smi:ch.ethz.sed/scenario/Origin/Porrentruy_M6_0,damage,MIM,SA1,RB,0.025,calc_26195.hdf5
smi:ch.ethz.sed/scenario/Origin/Porrentruy_M6_0,damage,MIM,SA1,RF,0.075,calc_26198.hdf5
smi:ch.ethz.sed/scenario/Origin/Porrentruy_M6_0,damage,SAM,N/A,RB,0.175,calc_26219.hdf5
smi:ch.ethz.sed/scenario/Origin/Porrentruy_M6_0,damage,SAM,N/A,RF,0.525,calc_26220.hdf5
smi:ch.ethz.sed/scenario/Origin/Porrentruy_M6_0,risk,MIM,PGV,RB,0.025,calc_26139.hdf5
smi:ch.ethz.sed/scenario/Origin/Porrentruy_M6_0,risk,MIM,PGV,RF,0.075,calc_26142.hdf5
smi:ch.ethz.sed/scenario/Origin/Porrentruy_M6_0,risk,MIM,SA03,RB,0.025,calc_26140.hdf5
smi:ch.ethz.sed/scenario/Origin/Porrentruy_M6_0,risk,MIM,SA03,RF,0.075,calc_26143.hdf5
smi:ch.ethz.sed/scenario/Origin/Porrentruy_M6_0,risk,MIM,SA1,RB,0.025,calc_26141.hdf5
smi:ch.ethz.sed/scenario/Origin/Porrentruy_M6_0,risk,MIM,SA1,RF,0.075,calc_26144.hdf5
smi:ch.ethz.sed/scenario/Origin/Porrentruy_M6_0,risk,SAM,N/A,RB,0.175,calc_26165.hdf5
smi:ch.ethz.sed/scenario/Origin/Porrentruy_M6_0,risk,SAM,N/A,RF,0.525,calc_26166.hdf5
smi:ch.ethz.sed/scenario/Origin/Rapperswil_Jona_M6_0,damage,MIM,PGV,RB,0.025,calc_25804.hdf5
smi:ch.ethz.sed/scenario/Origin/Rapperswil_Jona_M6_0,damage,MIM,PGV,RF,0.075,calc_25807.hdf5
smi:ch.ethz.sed/scenario/Origin/Rapperswil_Jona_M6_0,damage,MIM,SA03,RB,0.025,calc_25805.hdf5
smi:ch.ethz.sed/scenario/Origin/Rapperswil_Jona_M6_0,damage,MIM,SA03,RF,0.075,calc_25808.hdf5
smi:ch.ethz.sed/scenario/Origin/Rapperswil_Jona_M6_0,damage,MIM,SA1,RB,0.025,calc_25806.hdf5
smi:ch.ethz.sed/scenario/Origin/Rapperswil_Jona_M6_0,damage,MIM,SA1,RF,0.075,calc_25809.hdf5
smi:ch.ethz.sed/scenario/Origin/Rapperswil_Jona_M6_0,damage,SAM,N/A,RB,0.175,calc_25887.hdf5
smi:ch.ethz.sed/scenario/Origin/Rapperswil_Jona_M6_0,damage,SAM,N/A,RF,0.525,calc_25888.hdf5
smi:ch.ethz.sed/scenario/Origin/Rapperswil_Jona_M6_0,risk,MIM,PGV,RB,0.025,calc_25740.hdf5
smi:ch.ethz.sed/scenario/Origin/Rapperswil_Jona_M6_0,risk,MIM,PGV,RF,0.075,calc_25743.hdf5
smi:ch.ethz.sed/scenario/Origin/Rapperswil_Jona_M6_0,risk,MIM,SA03,RB,0.025,calc_25741.hdf5
smi:ch.ethz.sed/scenario/Origin/Rapperswil_Jona_M6_0,risk,MIM,SA03,RF,0.075,calc_25744.hdf5
smi:ch.ethz.sed/scenario/Origin/Rapperswil_Jona_M6_0,risk,MIM,SA1,RB,0.025,calc_25742.hdf5
smi:ch.ethz.sed/scenario/Origin/Rapperswil_Jona_M6_0,risk,MIM,SA1,RF,0.075,calc_25745.hdf5
smi:ch.ethz.sed/scenario/Origin/Rapperswil_Jona_M6_0,risk,SAM,N/A,RB,0.175,calc_25760.hdf5
smi:ch.ethz.sed/scenario/Origin/Rapperswil_Jona_M6_0,risk,SAM,N/A,RF,0.525,calc_25761.hdf5
smi:ch.ethz.sed/scenario/Origin/Riehen_M6_0,damage,MIM,PGV,RB,0.025,calc_25834.hdf5
smi:ch.ethz.sed/scenario/Origin/Riehen_M6_0,damage,MIM,PGV,RF,0.075,calc_25837.hdf5
smi:ch.ethz.sed/scenario/Origin/Riehen_M6_0,damage,MIM,SA03,RB,0.025,calc_25835.hdf5
smi:ch.ethz.sed/scenario/Origin/Riehen_M6_0,damage,MIM,SA03,RF,0.075,calc_25838.hdf5
smi:ch.ethz.sed/scenario/Origin/Riehen_M6_0,damage,MIM,SA1,RB,0.025,calc_25836.hdf5
smi:ch.ethz.sed/scenario/Origin/Riehen_M6_0,damage,MIM,SA1,RF,0.075,calc_25839.hdf5
smi:ch.ethz.sed/scenario/Origin/Riehen_M6_0,damage,SAM,N/A,RB,0.175,calc_25889.hdf5
smi:ch.ethz.sed/scenario/Origin/Riehen_M6_0,damage,SAM,N/A,RF,0.525,calc_25890.hdf5
smi:ch.ethz.sed/scenario/Origin/Riehen_M6_0,risk,MIM,PGV,RB,0.025,calc_25818.hdf5
smi:ch.ethz.sed/scenario/Origin/Riehen_M6_0,risk,MIM,PGV,RF,0.075,calc_25821.hdf5
smi:ch.ethz.sed/scenario/Origin/Riehen_M6_0,risk,MIM,SA03,RB,0.025,calc_25819.hdf5
smi:ch.ethz.sed/scenario/Origin/Riehen_M6_0,risk,MIM,SA03,RF,0.075,calc_25822.hdf5
smi:ch.ethz.sed/scenario/Origin/Riehen_M6_0,risk,MIM,SA1,RB,0.025,calc_25820.hdf5
smi:ch.ethz.sed/scenario/Origin/Riehen_M6_0,risk,MIM,SA1,RF,0.075,calc_25823.hdf5
smi:ch.ethz.sed/scenario/Origin/Riehen_M6_0,risk,SAM,N/A,RB,0.175,calc_25830.hdf5
smi:ch.ethz.sed/scenario/Origin/Riehen_M6_0,risk,SAM,N/A,RF,0.525,calc_25831.hdf5
smi:ch.ethz.sed/scenario/Origin/Sarnen_M6_0,damage,MIM,PGV,RB,0.025,calc_25603.hdf5
smi:ch.ethz.sed/scenario/Origin/Sarnen_M6_0,damage,MIM,PGV,RF,0.075,calc_25606.hdf5
smi:ch.ethz.sed/scenario/Origin/Sarnen_M6_0,damage,MIM,SA03,RB,0.025,calc_25604.hdf5
smi:ch.ethz.sed/scenario/Origin/Sarnen_M6_0,damage,MIM,SA03,RF,0.075,calc_25607.hdf5
smi:ch.ethz.sed/scenario/Origin/Sarnen_M6_0,damage,MIM,SA1,RB,0.025,calc_25605.hdf5
smi:ch.ethz.sed/scenario/Origin/Sarnen_M6_0,damage,MIM,SA1,RF,0.075,calc_25608.hdf5
smi:ch.ethz.sed/scenario/Origin/Sarnen_M6_0,damage,SAM,N/A,RB,0.175,calc_25891.hdf5
smi:ch.ethz.sed/scenario/Origin/Sarnen_M6_0,damage,SAM,N/A,RF,0.525,calc_25892.hdf5
smi:ch.ethz.sed/scenario/Origin/Sarnen_M6_0,risk,MIM,PGV,RB,0.025,calc_25371.hdf5
smi:ch.ethz.sed/scenario/Origin/Sarnen_M6_0,risk,MIM,PGV,RF,0.075,calc_25374.hdf5
smi:ch.ethz.sed/scenario/Origin/Sarnen_M6_0,risk,MIM,SA03,RB,0.025,calc_25372.hdf5
smi:ch.ethz.sed/scenario/Origin/Sarnen_M6_0,risk,MIM,SA03,RF,0.075,calc_25375.hdf5
smi:ch.ethz.sed/scenario/Origin/Sarnen_M6_0,risk,MIM,SA1,RB,0.025,calc_25373.hdf5
smi:ch.ethz.sed/scenario/Origin/Sarnen_M6_0,risk,MIM,SA1,RF,0.075,calc_25376.hdf5
smi:ch.ethz.sed/scenario/Origin/Sarnen_M6_0,risk,SAM,N/A,RB,0.175,calc_25469.hdf5
smi:ch.ethz.sed/scenario/Origin/Sarnen_M6_0,risk,SAM,N/A,RF,0.525,calc_25470.hdf5
smi:ch.ethz.sed/scenario/Origin/Schaffhausen_M6_0,damage,MIM,PGV,RB,0.025,calc_25609.hdf5
smi:ch.ethz.sed/scenario/Origin/Schaffhausen_M6_0,damage,MIM,PGV,RF,0.075,calc_25612.hdf5
smi:ch.ethz.sed/scenario/Origin/Schaffhausen_M6_0,damage,MIM,SA03,RB,0.025,calc_25610.hdf5
smi:ch.ethz.sed/scenario/Origin/Schaffhausen_M6_0,damage,MIM,SA03,RF,0.075,calc_25613.hdf5
smi:ch.ethz.sed/scenario/Origin/Schaffhausen_M6_0,damage,MIM,SA1,RB,0.025,calc_25611.hdf5
smi:ch.ethz.sed/scenario/Origin/Schaffhausen_M6_0,damage,MIM,SA1,RF,0.075,calc_25614.hdf5
smi:ch.ethz.sed/scenario/Origin/Schaffhausen_M6_0,damage,SAM,N/A,RB,0.175,calc_25893.hdf5
smi:ch.ethz.sed/scenario/Origin/Schaffhausen_M6_0,damage,SAM,N/A,RF,0.525,calc_25894.hdf5
smi:ch.ethz.sed/scenario/Origin/Schaffhausen_M6_0,risk,MIM,PGV,RB,0.025,calc_25377.hdf5
smi:ch.ethz.sed/scenario/Origin/Schaffhausen_M6_0,risk,MIM,PGV,RF,0.075,calc_25380.hdf5
smi:ch.ethz.sed/scenario/Origin/Schaffhausen_M6_0,risk,MIM,SA03,RB,0.025,calc_25378.hdf5
smi:ch.ethz.sed/scenario/Origin/Schaffhausen_M6_0,risk,MIM,SA03,RF,0.075,calc_25381.hdf5
smi:ch.ethz.sed/scenario/Origin/Schaffhausen_M6_0,risk,MIM,SA1,RB,0.025,calc_25379.hdf5
smi:ch.ethz.sed/scenario/Origin/Schaffhausen_M6_0,risk,MIM,SA1,RF,0.075,calc_25382.hdf5
smi:ch.ethz.sed/scenario/Origin/Schaffhausen_M6_0,risk,SAM,N/A,RB,0.175,calc_25471.hdf5
smi:ch.ethz.sed/scenario/Origin/Schaffhausen_M6_0,risk,SAM,N/A,RF,0.525,calc_25472.hdf5
smi:ch.ethz.sed/scenario/Origin/Schattdorf_M6_0,damage,MIM,PGV,RB,0.025,calc_26199.hdf5
smi:ch.ethz.sed/scenario/Origin/Schattdorf_M6_0,damage,MIM,PGV,RF,0.075,calc_26202.hdf5
smi:ch.ethz.sed/scenario/Origin/Schattdorf_M6_0,damage,MIM,SA03,RB,0.025,calc_26200.hdf5
smi:ch.ethz.sed/scenario/Origin/Schattdorf_M6_0,damage,MIM,SA03,RF,0.075,calc_26203.hdf5
smi:ch.ethz.sed/scenario/Origin/Schattdorf_M6_0,damage,MIM,SA1,RB,0.025,calc_26201.hdf5
smi:ch.ethz.sed/scenario/Origin/Schattdorf_M6_0,damage,MIM,SA1,RF,0.075,calc_26204.hdf5
smi:ch.ethz.sed/scenario/Origin/Schattdorf_M6_0,damage,SAM,N/A,RB,0.175,calc_26221.hdf5
smi:ch.ethz.sed/scenario/Origin/Schattdorf_M6_0,damage,SAM,N/A,RF,0.525,calc_26222.hdf5
smi:ch.ethz.sed/scenario/Origin/Schattdorf_M6_0,risk,MIM,PGV,RB,0.025,calc_26145.hdf5
smi:ch.ethz.sed/scenario/Origin/Schattdorf_M6_0,risk,MIM,PGV,RF,0.075,calc_26148.hdf5
smi:ch.ethz.sed/scenario/Origin/Schattdorf_M6_0,risk,MIM,SA03,RB,0.025,calc_26146.hdf5
smi:ch.ethz.sed/scenario/Origin/Schattdorf_M6_0,risk,MIM,SA03,RF,0.075,calc_26149.hdf5
smi:ch.ethz.sed/scenario/Origin/Schattdorf_M6_0,risk,MIM,SA1,RB,0.025,calc_26147.hdf5
smi:ch.ethz.sed/scenario/Origin/Schattdorf_M6_0,risk,MIM,SA1,RF,0.075,calc_26150.hdf5
smi:ch.ethz.sed/scenario/Origin/Schattdorf_M6_0,risk,SAM,N/A,RB,0.175,calc_26167.hdf5
smi:ch.ethz.sed/scenario/Origin/Schattdorf_M6_0,risk,SAM,N/A,RF,0.525,calc_26168.hdf5
smi:ch.ethz.sed/scenario/Origin/Schwyz_M6_0,damage,MIM,PGV,RB,0.025,calc_25615.hdf5
smi:ch.ethz.sed/scenario/Origin/Schwyz_M6_0,damage,MIM,PGV,RF,0.075,calc_25618.hdf5
smi:ch.ethz.sed/scenario/Origin/Schwyz_M6_0,damage,MIM,SA03,RB,0.025,calc_25616.hdf5
smi:ch.ethz.sed/scenario/Origin/Schwyz_M6_0,damage,MIM,SA03,RF,0.075,calc_25619.hdf5
smi:ch.ethz.sed/scenario/Origin/Schwyz_M6_0,damage,MIM,SA1,RB,0.025,calc_25617.hdf5
smi:ch.ethz.sed/scenario/Origin/Schwyz_M6_0,damage,MIM,SA1,RF,0.075,calc_25620.hdf5
smi:ch.ethz.sed/scenario/Origin/Schwyz_M6_0,damage,SAM,N/A,RB,0.175,calc_25895.hdf5
smi:ch.ethz.sed/scenario/Origin/Schwyz_M6_0,damage,SAM,N/A,RF,0.525,calc_25896.hdf5
smi:ch.ethz.sed/scenario/Origin/Schwyz_M6_0,risk,MIM,PGV,RB,0.025,calc_25383.hdf5
smi:ch.ethz.sed/scenario/Origin/Schwyz_M6_0,risk,MIM,PGV,RF,0.075,calc_25386.hdf5
smi:ch.ethz.sed/scenario/Origin/Schwyz_M6_0,risk,MIM,SA03,RB,0.025,calc_25384.hdf5
smi:ch.ethz.sed/scenario/Origin/Schwyz_M6_0,risk,MIM,SA03,RF,0.075,calc_25387.hdf5
smi:ch.ethz.sed/scenario/Origin/Schwyz_M6_0,risk,MIM,SA1,RB,0.025,calc_25385.hdf5
smi:ch.ethz.sed/scenario/Origin/Schwyz_M6_0,risk,MIM,SA1,RF,0.075,calc_25388.hdf5
smi:ch.ethz.sed/scenario/Origin/Schwyz_M6_0,risk,SAM,N/A,RB,0.175,calc_25473.hdf5
smi:ch.ethz.sed/scenario/Origin/Schwyz_M6_0,risk,SAM,N/A,RF,0.525,calc_25474.hdf5
smi:ch.ethz.sed/scenario/Origin/Sion_M6_0,damage,MIM,PGV,RB,0.025,calc_25621.hdf5
smi:ch.ethz.sed/scenario/Origin/Sion_M6_0,damage,MIM,PGV,RF,0.075,calc_25624.hdf5
smi:ch.ethz.sed/scenario/Origin/Sion_M6_0,damage,MIM,SA03,RB,0.025,calc_25622.hdf5
smi:ch.ethz.sed/scenario/Origin/Sion_M6_0,damage,MIM,SA03,RF,0.075,calc_25625.hdf5
smi:ch.ethz.sed/scenario/Origin/Sion_M6_0,damage,MIM,SA1,RB,0.025,calc_25623.hdf5
smi:ch.ethz.sed/scenario/Origin/Sion_M6_0,damage,MIM,SA1,RF,0.075,calc_25626.hdf5
smi:ch.ethz.sed/scenario/Origin/Sion_M6_0,damage,SAM,N/A,RB,0.175,calc_25897.hdf5
smi:ch.ethz.sed/scenario/Origin/Sion_M6_0,damage,SAM,N/A,RF,0.525,calc_25898.hdf5
smi:ch.ethz.sed/scenario/Origin/Sion_M6_0,risk,MIM,PGV,RB,0.025,calc_25389.hdf5
smi:ch.ethz.sed/scenario/Origin/Sion_M6_0,risk,MIM,PGV,RF,0.075,calc_25392.hdf5
smi:ch.ethz.sed/scenario/Origin/Sion_M6_0,risk,MIM,SA03,RB,0.025,calc_25390.hdf5
smi:ch.ethz.sed/scenario/Origin/Sion_M6_0,risk,MIM,SA03,RF,0.075,calc_25393.hdf5
smi:ch.ethz.sed/scenario/Origin/Sion_M6_0,risk,MIM,SA1,RB,0.025,calc_25391.hdf5
smi:ch.ethz.sed/scenario/Origin/Sion_M6_0,risk,MIM,SA1,RF,0.075,calc_25394.hdf5
smi:ch.ethz.sed/scenario/Origin/Sion_M6_0,risk,SAM,N/A,RB,0.175,calc_25475.hdf5
smi:ch.ethz.sed/scenario/Origin/Sion_M6_0,risk,SAM,N/A,RF,0.525,calc_25476.hdf5
smi:ch.ethz.sed/scenario/Origin/Solothurn_M6_0,damage,MIM,PGV,RB,0.025,calc_25627.hdf5
smi:ch.ethz.sed/scenario/Origin/Solothurn_M6_0,damage,MIM,PGV,RF,0.075,calc_25630.hdf5
smi:ch.ethz.sed/scenario/Origin/Solothurn_M6_0,damage,MIM,SA03,RB,0.025,calc_25628.hdf5
smi:ch.ethz.sed/scenario/Origin/Solothurn_M6_0,damage,MIM,SA03,RF,0.075,calc_25631.hdf5
smi:ch.ethz.sed/scenario/Origin/Solothurn_M6_0,damage,MIM,SA1,RB,0.025,calc_25629.hdf5
smi:ch.ethz.sed/scenario/Origin/Solothurn_M6_0,damage,MIM,SA1,RF,0.075,calc_25632.hdf5
smi:ch.ethz.sed/scenario/Origin/Solothurn_M6_0,damage,SAM,N/A,RB,0.175,calc_25899.hdf5
smi:ch.ethz.sed/scenario/Origin/Solothurn_M6_0,damage,SAM,N/A,RF,0.525,calc_25900.hdf5
smi:ch.ethz.sed/scenario/Origin/Solothurn_M6_0,risk,MIM,PGV,RB,0.025,calc_25395.hdf5
smi:ch.ethz.sed/scenario/Origin/Solothurn_M6_0,risk,MIM,PGV,RF,0.075,calc_25398.hdf5
smi:ch.ethz.sed/scenario/Origin/Solothurn_M6_0,risk,MIM,SA03,RB,0.025,calc_25396.hdf5
smi:ch.ethz.sed/scenario/Origin/Solothurn_M6_0,risk,MIM,SA03,RF,0.075,calc_25399.hdf5
smi:ch.ethz.sed/scenario/Origin/Solothurn_M6_0,risk,MIM,SA1,RB,0.025,calc_25397.hdf5
smi:ch.ethz.sed/scenario/Origin/Solothurn_M6_0,risk,MIM,SA1,RF,0.075,calc_25400.hdf5
smi:ch.ethz.sed/scenario/Origin/Solothurn_M6_0,risk,SAM,N/A,RB,0.175,calc_25477.hdf5
smi:ch.ethz.sed/scenario/Origin/Solothurn_M6_0,risk,SAM,N/A,RF,0.525,calc_25478.hdf5
smi:ch.ethz.sed/scenario/Origin/St_Gallen_M6_0,damage,MIM,PGV,RB,0.025,calc_25639.hdf5
smi:ch.ethz.sed/scenario/Origin/St_Gallen_M6_0,damage,MIM,PGV,RF,0.075,calc_25642.hdf5
smi:ch.ethz.sed/scenario/Origin/St_Gallen_M6_0,damage,MIM,SA03,RB,0.025,calc_25640.hdf5
smi:ch.ethz.sed/scenario/Origin/St_Gallen_M6_0,damage,MIM,SA03,RF,0.075,calc_25643.hdf5
smi:ch.ethz.sed/scenario/Origin/St_Gallen_M6_0,damage,MIM,SA1,RB,0.025,calc_25641.hdf5
smi:ch.ethz.sed/scenario/Origin/St_Gallen_M6_0,damage,MIM,SA1,RF,0.075,calc_25644.hdf5
smi:ch.ethz.sed/scenario/Origin/St_Gallen_M6_0,damage,SAM,N/A,RB,0.175,calc_25903.hdf5
smi:ch.ethz.sed/scenario/Origin/St_Gallen_M6_0,damage,SAM,N/A,RF,0.525,calc_25904.hdf5
smi:ch.ethz.sed/scenario/Origin/St_Gallen_M6_0,risk,MIM,PGV,RB,0.025,calc_25407.hdf5
smi:ch.ethz.sed/scenario/Origin/St_Gallen_M6_0,risk,MIM,PGV,RF,0.075,calc_25410.hdf5
smi:ch.ethz.sed/scenario/Origin/St_Gallen_M6_0,risk,MIM,SA03,RB,0.025,calc_25408.hdf5
smi:ch.ethz.sed/scenario/Origin/St_Gallen_M6_0,risk,MIM,SA03,RF,0.075,calc_25411.hdf5
smi:ch.ethz.sed/scenario/Origin/St_Gallen_M6_0,risk,MIM,SA1,RB,0.025,calc_25409.hdf5
smi:ch.ethz.sed/scenario/Origin/St_Gallen_M6_0,risk,MIM,SA1,RF,0.075,calc_25412.hdf5
smi:ch.ethz.sed/scenario/Origin/St_Gallen_M6_0,risk,SAM,N/A,RB,0.175,calc_25481.hdf5
smi:ch.ethz.sed/scenario/Origin/St_Gallen_M6_0,risk,SAM,N/A,RF,0.525,calc_25482.hdf5
smi:ch.ethz.sed/scenario/Origin/Stans_M6_0,damage,MIM,PGV,RB,0.025,calc_25633.hdf5
smi:ch.ethz.sed/scenario/Origin/Stans_M6_0,damage,MIM,PGV,RF,0.075,calc_25636.hdf5
smi:ch.ethz.sed/scenario/Origin/Stans_M6_0,damage,MIM,SA03,RB,0.025,calc_25634.hdf5
smi:ch.ethz.sed/scenario/Origin/Stans_M6_0,damage,MIM,SA03,RF,0.075,calc_25637.hdf5
smi:ch.ethz.sed/scenario/Origin/Stans_M6_0,damage,MIM,SA1,RB,0.025,calc_25635.hdf5
smi:ch.ethz.sed/scenario/Origin/Stans_M6_0,damage,MIM,SA1,RF,0.075,calc_25638.hdf5
smi:ch.ethz.sed/scenario/Origin/Stans_M6_0,damage,SAM,N/A,RB,0.175,calc_25901.hdf5
smi:ch.ethz.sed/scenario/Origin/Stans_M6_0,damage,SAM,N/A,RF,0.525,calc_25902.hdf5
smi:ch.ethz.sed/scenario/Origin/Stans_M6_0,risk,MIM,PGV,RB,0.025,calc_25401.hdf5
smi:ch.ethz.sed/scenario/Origin/Stans_M6_0,risk,MIM,PGV,RF,0.075,calc_25404.hdf5
smi:ch.ethz.sed/scenario/Origin/Stans_M6_0,risk,MIM,SA03,RB,0.025,calc_25402.hdf5
smi:ch.ethz.sed/scenario/Origin/Stans_M6_0,risk,MIM,SA03,RF,0.075,calc_25405.hdf5
smi:ch.ethz.sed/scenario/Origin/Stans_M6_0,risk,MIM,SA1,RB,0.025,calc_25403.hdf5
smi:ch.ethz.sed/scenario/Origin/Stans_M6_0,risk,MIM,SA1,RF,0.075,calc_25406.hdf5
smi:ch.ethz.sed/scenario/Origin/Stans_M6_0,risk,SAM,N/A,RB,0.175,calc_25479.hdf5
smi:ch.ethz.sed/scenario/Origin/Stans_M6_0,risk,SAM,N/A,RF,0.525,calc_25480.hdf5
smi:ch.ethz.sed/scenario/Origin/Vaduz_M6_0,damage,MIM,PGV,RB,0.025,calc_25645.hdf5
smi:ch.ethz.sed/scenario/Origin/Vaduz_M6_0,damage,MIM,PGV,RF,0.075,calc_25648.hdf5
smi:ch.ethz.sed/scenario/Origin/Vaduz_M6_0,damage,MIM,SA03,RB,0.025,calc_25646.hdf5
smi:ch.ethz.sed/scenario/Origin/Vaduz_M6_0,damage,MIM,SA03,RF,0.075,calc_25649.hdf5
smi:ch.ethz.sed/scenario/Origin/Vaduz_M6_0,damage,MIM,SA1,RB,0.025,calc_25647.hdf5
smi:ch.ethz.sed/scenario/Origin/Vaduz_M6_0,damage,MIM,SA1,RF,0.075,calc_25650.hdf5
smi:ch.ethz.sed/scenario/Origin/Vaduz_M6_0,damage,SAM,N/A,RB,0.175,calc_25905.hdf5
smi:ch.ethz.sed/scenario/Origin/Vaduz_M6_0,damage,SAM,N/A,RF,0.525,calc_25906.hdf5
smi:ch.ethz.sed/scenario/Origin/Vaduz_M6_0,risk,MIM,PGV,RB,0.025,calc_25413.hdf5
smi:ch.ethz.sed/scenario/Origin/Vaduz_M6_0,risk,MIM,PGV,RF,0.075,calc_25416.hdf5
smi:ch.ethz.sed/scenario/Origin/Vaduz_M6_0,risk,MIM,SA03,RB,0.025,calc_25414.hdf5
smi:ch.ethz.sed/scenario/Origin/Vaduz_M6_0,risk,MIM,SA03,RF,0.075,calc_25417.hdf5
smi:ch.ethz.sed/scenario/Origin/Vaduz_M6_0,risk,MIM,SA1,RB,0.025,calc_25415.hdf5
smi:ch.ethz.sed/scenario/Origin/Vaduz_M6_0,risk,MIM,SA1,RF,0.075,calc_25418.hdf5
smi:ch.ethz.sed/scenario/Origin/Vaduz_M6_0,risk,SAM,N/A,RB,0.175,calc_25483.hdf5
smi:ch.ethz.sed/scenario/Origin/Vaduz_M6_0,risk,SAM,N/A,RF,0.525,calc_25484.hdf5
smi:ch.ethz.sed/scenario/Origin/Vernier_M6_0,damage,MIM,PGV,RB,0.025,calc_26205.hdf5
smi:ch.ethz.sed/scenario/Origin/Vernier_M6_0,damage,MIM,PGV,RF,0.075,calc_26208.hdf5
smi:ch.ethz.sed/scenario/Origin/Vernier_M6_0,damage,MIM,SA03,RB,0.025,calc_26206.hdf5
smi:ch.ethz.sed/scenario/Origin/Vernier_M6_0,damage,MIM,SA03,RF,0.075,calc_26209.hdf5
smi:ch.ethz.sed/scenario/Origin/Vernier_M6_0,damage,MIM,SA1,RB,0.025,calc_26207.hdf5
smi:ch.ethz.sed/scenario/Origin/Vernier_M6_0,damage,MIM,SA1,RF,0.075,calc_26210.hdf5
smi:ch.ethz.sed/scenario/Origin/Vernier_M6_0,damage,SAM,N/A,RB,0.175,calc_26223.hdf5
smi:ch.ethz.sed/scenario/Origin/Vernier_M6_0,damage,SAM,N/A,RF,0.525,calc_26224.hdf5
smi:ch.ethz.sed/scenario/Origin/Vernier_M6_0,risk,MIM,PGV,RB,0.025,calc_26151.hdf5
smi:ch.ethz.sed/scenario/Origin/Vernier_M6_0,risk,MIM,PGV,RF,0.075,calc_26154.hdf5
smi:ch.ethz.sed/scenario/Origin/Vernier_M6_0,risk,MIM,SA03,RB,0.025,calc_26152.hdf5
smi:ch.ethz.sed/scenario/Origin/Vernier_M6_0,risk,MIM,SA03,RF,0.075,calc_26155.hdf5
smi:ch.ethz.sed/scenario/Origin/Vernier_M6_0,risk,MIM,SA1,RB,0.025,calc_26153.hdf5
smi:ch.ethz.sed/scenario/Origin/Vernier_M6_0,risk,MIM,SA1,RF,0.075,calc_26156.hdf5
smi:ch.ethz.sed/scenario/Origin/Vernier_M6_0,risk,SAM,N/A,RB,0.175,calc_26169.hdf5
smi:ch.ethz.sed/scenario/Origin/Vernier_M6_0,risk,SAM,N/A,RF,0.525,calc_26172.hdf5
smi:ch.ethz.sed/scenario/Origin/Wettingen_M6_0,damage,MIM,PGV,RB,0.025,calc_26097.hdf5
smi:ch.ethz.sed/scenario/Origin/Wettingen_M6_0,damage,MIM,PGV,RF,0.075,calc_26100.hdf5
smi:ch.ethz.sed/scenario/Origin/Wettingen_M6_0,damage,MIM,SA03,RB,0.025,calc_26098.hdf5
smi:ch.ethz.sed/scenario/Origin/Wettingen_M6_0,damage,MIM,SA03,RF,0.075,calc_26101.hdf5
smi:ch.ethz.sed/scenario/Origin/Wettingen_M6_0,damage,MIM,SA1,RB,0.025,calc_26099.hdf5
smi:ch.ethz.sed/scenario/Origin/Wettingen_M6_0,damage,MIM,SA1,RF,0.075,calc_26102.hdf5
smi:ch.ethz.sed/scenario/Origin/Wettingen_M6_0,damage,SAM,N/A,RB,0.175,calc_26103.hdf5
smi:ch.ethz.sed/scenario/Origin/Wettingen_M6_0,damage,SAM,N/A,RF,0.525,calc_26104.hdf5
smi:ch.ethz.sed/scenario/Origin/Wettingen_M6_0,risk,MIM,PGV,RB,0.025,calc_26089.hdf5
smi:ch.ethz.sed/scenario/Origin/Wettingen_M6_0,risk,MIM,PGV,RF,0.075,calc_26092.hdf5
smi:ch.ethz.sed/scenario/Origin/Wettingen_M6_0,risk,MIM,SA03,RB,0.025,calc_26090.hdf5
smi:ch.ethz.sed/scenario/Origin/Wettingen_M6_0,risk,MIM,SA03,RF,0.075,calc_26093.hdf5
smi:ch.ethz.sed/scenario/Origin/Wettingen_M6_0,risk,MIM,SA1,RB,0.025,calc_26091.hdf5
smi:ch.ethz.sed/scenario/Origin/Wettingen_M6_0,risk,MIM,SA1,RF,0.075,calc_26094.hdf5
smi:ch.ethz.sed/scenario/Origin/Wettingen_M6_0,risk,SAM,N/A,RB,0.175,calc_26095.hdf5
smi:ch.ethz.sed/scenario/Origin/Wettingen_M6_0,risk,SAM,N/A,RF,0.525,calc_26096.hdf5
smi:ch.ethz.sed/scenario/Origin/Winterthur_M6_0,damage,MIM,PGV,RB,0.025,calc_25840.hdf5
smi:ch.ethz.sed/scenario/Origin/Winterthur_M6_0,damage,MIM,PGV,RF,0.075,calc_25843.hdf5
smi:ch.ethz.sed/scenario/Origin/Winterthur_M6_0,damage,MIM,SA03,RB,0.025,calc_25841.hdf5
smi:ch.ethz.sed/scenario/Origin/Winterthur_M6_0,damage,MIM,SA03,RF,0.075,calc_25844.hdf5
smi:ch.ethz.sed/scenario/Origin/Winterthur_M6_0,damage,MIM,SA1,RB,0.025,calc_25842.hdf5
smi:ch.ethz.sed/scenario/Origin/Winterthur_M6_0,damage,MIM,SA1,RF,0.075,calc_25845.hdf5
smi:ch.ethz.sed/scenario/Origin/Winterthur_M6_0,damage,SAM,N/A,RB,0.175,calc_25907.hdf5
smi:ch.ethz.sed/scenario/Origin/Winterthur_M6_0,damage,SAM,N/A,RF,0.525,calc_25908.hdf5
smi:ch.ethz.sed/scenario/Origin/Winterthur_M6_0,risk,MIM,PGV,RB,0.025,calc_25824.hdf5
smi:ch.ethz.sed/scenario/Origin/Winterthur_M6_0,risk,MIM,PGV,RF,0.075,calc_25827.hdf5
smi:ch.ethz.sed/scenario/Origin/Winterthur_M6_0,risk,MIM,SA03,RB,0.025,calc_25825.hdf5
smi:ch.ethz.sed/scenario/Origin/Winterthur_M6_0,risk,MIM,SA03,RF,0.075,calc_25828.hdf5
smi:ch.ethz.sed/scenario/Origin/Winterthur_M6_0,risk,MIM,SA1,RB,0.025,calc_25826.hdf5
smi:ch.ethz.sed/scenario/Origin/Winterthur_M6_0,risk,MIM,SA1,RF,0.075,calc_25829.hdf5
smi:ch.ethz.sed/scenario/Origin/Winterthur_M6_0,risk,SAM,N/A,RB,0.175,calc_25832.hdf5
smi:ch.ethz.sed/scenario/Origin/Winterthur_M6_0,risk,SAM,N/A,RF,0.525,calc_25833.hdf5
smi:ch.ethz.sed/scenario/Origin/Yverdon_les_Bains_M6_0,damage,MIM,PGV,RB,0.025,calc_26211.hdf5
smi:ch.ethz.sed/scenario/Origin/Yverdon_les_Bains_M6_0,damage,MIM,PGV,RF,0.075,calc_26214.hdf5
smi:ch.ethz.sed/scenario/Origin/Yverdon_les_Bains_M6_0,damage,MIM,SA03,RB,0.025,calc_26212.hdf5
smi:ch.ethz.sed/scenario/Origin/Yverdon_les_Bains_M6_0,damage,MIM,SA03,RF,0.075,calc_26215.hdf5
smi:ch.ethz.sed/scenario/Origin/Yverdon_les_Bains_M6_0,damage,MIM,SA1,RB,0.025,calc_26213.hdf5
smi:ch.ethz.sed/scenario/Origin/Yverdon_les_Bains_M6_0,damage,MIM,SA1,RF,0.075,calc_26216.hdf5
smi:ch.ethz.sed/scenario/Origin/Yverdon_les_Bains_M6_0,damage,SAM,N/A,RB,0.175,calc_26225.hdf5
smi:ch.ethz.sed/scenario/Origin/Yverdon_les_Bains_M6_0,damage,SAM,N/A,RF,0.525,calc_26226.hdf5
smi:ch.ethz.sed/scenario/Origin/Yverdon_les_Bains_M6_0,risk,MIM,PGV,RB,0.025,calc_26157.hdf5
smi:ch.ethz.sed/scenario/Origin/Yverdon_les_Bains_M6_0,risk,MIM,PGV,RF,0.075,calc_26160.hdf5
smi:ch.ethz.sed/scenario/Origin/Yverdon_les_Bains_M6_0,risk,MIM,SA03,RB,0.025,calc_26158.hdf5
smi:ch.ethz.sed/scenario/Origin/Yverdon_les_Bains_M6_0,risk,MIM,SA03,RF,0.075,calc_26161.hdf5
smi:ch.ethz.sed/scenario/Origin/Yverdon_les_Bains_M6_0,risk,MIM,SA1,RB,0.025,calc_26159.hdf5
smi:ch.ethz.sed/scenario/Origin/Yverdon_les_Bains_M6_0,risk,MIM,SA1,RF,0.075,calc_26162.hdf5
smi:ch.ethz.sed/scenario/Origin/Yverdon_les_Bains_M6_0,risk,SAM,N/A,RB,0.175,calc_26173.hdf5
smi:ch.ethz.sed/scenario/Origin/Yverdon_les_Bains_M6_0,risk,SAM,N/A,RF,0.525,calc_26174.hdf5
smi:ch.ethz.sed/scenario/Origin/Zug_M6_0,damage,MIM,PGV,RB,0.025,calc_25651.hdf5
smi:ch.ethz.sed/scenario/Origin/Zug_M6_0,damage,MIM,PGV,RF,0.075,calc_25654.hdf5
smi:ch.ethz.sed/scenario/Origin/Zug_M6_0,damage,MIM,SA03,RB,0.025,calc_25652.hdf5
smi:ch.ethz.sed/scenario/Origin/Zug_M6_0,damage,MIM,SA03,RF,0.075,calc_25655.hdf5
smi:ch.ethz.sed/scenario/Origin/Zug_M6_0,damage,MIM,SA1,RB,0.025,calc_25653.hdf5
smi:ch.ethz.sed/scenario/Origin/Zug_M6_0,damage,MIM,SA1,RF,0.075,calc_25656.hdf5
smi:ch.ethz.sed/scenario/Origin/Zug_M6_0,damage,SAM,N/A,RB,0.175,calc_25909.hdf5
smi:ch.ethz.sed/scenario/Origin/Zug_M6_0,damage,SAM,N/A,RF,0.525,calc_25910.hdf5
smi:ch.ethz.sed/scenario/Origin/Zug_M6_0,risk,MIM,PGV,RB,0.025,calc_25419.hdf5
smi:ch.ethz.sed/scenario/Origin/Zug_M6_0,risk,MIM,PGV,RF,0.075,calc_25422.hdf5
smi:ch.ethz.sed/scenario/Origin/Zug_M6_0,risk,MIM,SA03,RB,0.025,calc_25420.hdf5
smi:ch.ethz.sed/scenario/Origin/Zug_M6_0,risk,MIM,SA03,RF,0.075,calc_25423.hdf5
smi:ch.ethz.sed/scenario/Origin/Zug_M6_0,risk,MIM,SA1,RB,0.025,calc_25421.hdf5
smi:ch.ethz.sed/scenario/Origin/Zug_M6_0,risk,MIM,SA1,RF,0.075,calc_25424.hdf5
smi:ch.ethz.sed/scenario/Origin/Zug_M6_0,risk,SAM,N/A,RB,0.175,calc_25485.hdf5
smi:ch.ethz.sed/scenario/Origin/Zug_M6_0,risk,SAM,N/A,RF,0.525,calc_25486.hdf5
smi:ch.ethz.sed/scenario/Origin/Zurich_M6_0,damage,MIM,PGV,RB,0.025,calc_25657.hdf5
smi:ch.ethz.sed/scenario/Origin/Zurich_M6_0,damage,MIM,PGV,RF,0.075,calc_25660.hdf5
smi:ch.ethz.sed/scenario/Origin/Zurich_M6_0,damage,MIM,SA03,RB,0.025,calc_25658.hdf5
smi:ch.ethz.sed/scenario/Origin/Zurich_M6_0,damage,MIM,SA03,RF,0.075,calc_25661.hdf5
smi:ch.ethz.sed/scenario/Origin/Zurich_M6_0,damage,MIM,SA1,RB,0.025,calc_25659.hdf5
smi:ch.ethz.sed/scenario/Origin/Zurich_M6_0,damage,MIM,SA1,RF,0.075,calc_25662.hdf5
smi:ch.ethz.sed/scenario/Origin/Zurich_M6_0,damage,SAM,N/A,RB,0.175,calc_25911.hdf5
smi:ch.ethz.sed/scenario/Origin/Zurich_M6_0,damage,SAM,N/A,RF,0.525,calc_25912.hdf5
smi:ch.ethz.sed/scenario/Origin/Zurich_M6_0,risk,MIM,PGV,RB,0.025,calc_25425.hdf5
smi:ch.ethz.sed/scenario/Origin/Zurich_M6_0,risk,MIM,PGV,RF,0.075,calc_25428.hdf5
smi:ch.ethz.sed/scenario/Origin/Zurich_M6_0,risk,MIM,SA03,RB,0.025,calc_25426.hdf5
smi:ch.ethz.sed/scenario/Origin/Zurich_M6_0,risk,MIM,SA03,RF,0.075,calc_25429.hdf5
smi:ch.ethz.sed/scenario/Origin/Zurich_M6_0,risk,MIM,SA1,RB,0.025,calc_25427.hdf5
smi:ch.ethz.sed/scenario/Origin/Zurich_M6_0,risk,MIM,SA1,RF,0.075,calc_25430.hdf5
smi:ch.ethz.sed/scenario/Origin/Zurich_M6_0,risk,SAM,N/A,RB,0.175,calc_25487.hdf5
smi:ch.ethz.sed/scenario/Origin/Zurich_M6_0,risk,SAM,N/A,RF,0.525,calc_25488.hdf5
